{"level":"info","message":"Buddy Nickname Project running on port 3000","service":"user-service"}
{"level":"info","message":"Buddy Nickname Project running on port 3000","service":"user-service"}
{"level":"info","message":"Buddy Nickname Project running on port 3000","service":"user-service"}
{"level":"debug","message":"db file already exists","service":"user-service"}
{"level":"info","message":"Buddy Nickname Project running on port 3000","service":"user-service"}
{"level":"debug","message":"db file already exists","service":"user-service"}
{"level":"info","message":"Buddy Nickname Project running on port 3000","service":"user-service"}
{"level":"debug","message":"db file already exists","service":"user-service"}
{"level":"info","message":"Buddy Nickname Project running on port 3000","service":"user-service"}
{"level":"debug","message":"db file already exists","service":"user-service"}
{"level":"info","message":"Buddy Nickname Project running on port 3000","service":"user-service"}
{"level":"debug","message":"db file already exists","service":"user-service"}
{"level":"info","message":"Buddy Nickname Project running on port 3000","service":"user-service"}
{"level":"debug","message":"db file already exists","service":"user-service"}
{"level":"info","message":"Buddy Nickname Project running on port 3000","service":"user-service"}
{"level":"debug","message":"db file already exists","service":"user-service"}
{"level":"info","message":"Buddy Nickname Project running on port 3000","service":"user-service"}
{"level":"debug","message":"db file already exists","service":"user-service"}
{"level":"info","message":"Buddy Nickname Project running on port 3000","service":"user-service"}
{"level":"debug","message":"db file already exists","service":"user-service"}
{"level":"info","message":"Buddy Nickname Project running on port 3000","service":"user-service"}
{"level":"error","message":"Failed to create database file","service":"user-service"}
{"level":"info","message":"Buddy Nickname Project running on port 3000","service":"user-service"}
{"level":"debug","message":"db file already exists","service":"user-service"}
{"level":"info","message":"Buddy Nickname Project running on port 3000","service":"user-service"}
{"level":"debug","message":"db file already exists","service":"user-service"}
{"level":"info","message":"Buddy Nickname Project running on port 3000","service":"user-service"}
{"level":"debug","message":"db file already exists","service":"user-service"}
{"level":"info","message":"Buddy Nickname Project running on port 3000","service":"user-service"}
{"level":"debug","message":"db file already exists","service":"user-service"}
{"level":"info","message":"Buddy Nickname Project running on port 3000","service":"user-service"}
{"level":"debug","message":"db file already exists","service":"user-service"}
{"level":"info","message":"Buddy Nickname Project running on port 3000","service":"user-service"}
{"level":"debug","message":"db file already exists","service":"user-service"}
{"level":"info","message":"Buddy Nickname Project running on port 3000","service":"user-service"}
{"level":"debug","message":"db file already exists","service":"user-service"}
{"level":"info","message":"Buddy Nickname Project running on port 3000","service":"user-service"}
{"level":"debug","message":"db file already exists","service":"user-service"}
{"level":"info","message":"Buddy Nickname Project running on port 3000","service":"user-service"}
{"level":"debug","message":"db file already exists","service":"user-service"}
{"level":"info","message":"Buddy Nickname Project running on port 3000","service":"user-service"}
{"level":"debug","message":"db file already exists","service":"user-service"}
{"level":"info","message":"Buddy Nickname Project running on port 3000","service":"user-service"}
{"level":"debug","message":"db file already exists","service":"user-service"}
{"level":"info","message":"Buddy Nickname Project running on port 3000","service":"user-service"}
{"level":"debug","message":"db file already exists","service":"user-service"}
{"level":"info","message":"Buddy Nickname Project running on port 3000","service":"user-service"}
{"level":"debug","message":"db file already exists","service":"user-service"}
{"level":"info","message":"Buddy Nickname Project running on port 3000","service":"user-service"}
{"level":"debug","message":"db file already exists","service":"user-service"}
{"level":"info","message":"Buddy Nickname Project running on port 3000","service":"user-service"}
{"level":"debug","message":"db file already exists","service":"user-service"}
{"level":"info","message":"Buddy Nickname Project running on port 3000","service":"user-service"}
{"level":"debug","message":"db file already exists","service":"user-service"}
{"level":"info","message":"Buddy Nickname Project running on port 3000","service":"user-service"}
{"level":"debug","message":"db file already exists","service":"user-service"}
{"level":"info","message":"Buddy Nickname Project running on port 3000","service":"user-service"}
{"level":"debug","message":"db file already exists","service":"user-service"}
{"level":"info","message":"Buddy Nickname Project running on port 3000","service":"user-service"}
{"level":"debug","message":"db file already exists","service":"user-service"}
{"level":"info","message":"Buddy Nickname Project running on port 3000","service":"user-service"}
{"level":"debug","message":"db file already exists","service":"user-service"}
{"level":"info","message":"Buddy Nickname Project running on port 3000","service":"user-service"}
{"level":"debug","message":"db file already exists","service":"user-service"}
{"level":"info","message":"Buddy Nickname Project running on port 3000","service":"user-service"}
{"level":"debug","message":"db file already exists","service":"user-service"}
{"level":"info","message":"Buddy Nickname Project running on port 3000","service":"user-service"}
{"level":"debug","message":"db file already exists","service":"user-service"}
{"level":"info","message":"Buddy Nickname Project running on port 3000","service":"user-service"}
{"level":"debug","message":"db file already exists","service":"user-service"}
{"level":"info","message":"Buddy Nickname Project running on port 3000","service":"user-service"}
{"level":"debug","message":"db file already exists","service":"user-service"}
{"level":"info","message":"Buddy Nickname Project running on port 3000","service":"user-service"}
{"level":"debug","message":"db file already exists","service":"user-service"}
{"level":"info","message":"Buddy Nickname Project running on port 3000","service":"user-service"}
{"level":"debug","message":"db file already exists","service":"user-service"}
{"level":"info","message":"Buddy Nickname Project running on port 3000","service":"user-service"}
{"level":"debug","message":"db file already exists","service":"user-service"}
{"level":"info","message":"Buddy Nickname Project running on port 3000","service":"user-service"}
{"level":"debug","message":"db file already exists","service":"user-service"}
{"level":"info","message":"Buddy Nickname Project running on port 3000","service":"user-service"}
{"level":"debug","message":"db file already exists","service":"user-service"}
{"level":"info","message":"Buddy Nickname Project running on port 3000","service":"user-service"}
{"level":"debug","message":"db file already exists","service":"user-service"}
{"level":"info","message":"Buddy Nickname Project running on port 3000","service":"user-service"}
{"level":"debug","message":"db file already exists","service":"user-service"}
{"level":"info","message":"Buddy Nickname Project running on port 3000","service":"user-service"}
{"level":"debug","message":"db file already exists","service":"user-service"}
{"level":"info","message":"Buddy Nickname Project running on port 3000","service":"user-service"}
{"level":"debug","message":"db file already exists","service":"user-service"}
{"level":"info","message":"Buddy Nickname Project running on port 3000","service":"user-service"}
{"level":"debug","message":"db file already exists","service":"user-service"}
{"level":"info","message":"Buddy Nickname Project running on port 3000","service":"user-service"}
{"level":"debug","message":"db file already exists","service":"user-service"}
{"level":"info","message":"Buddy Nickname Project running on port 3000","service":"user-service"}
{"level":"debug","message":"db file already exists","service":"user-service"}
{"level":"info","message":"Buddy Nickname Project running on port 3000","service":"user-service"}
{"level":"debug","message":"db file already exists","service":"user-service"}
{"level":"info","message":"Buddy Nickname Project running on port 3000","service":"user-service"}
{"level":"debug","message":"db file already exists","service":"user-service"}
{"level":"info","message":"Buddy Nickname Project running on port 3000","service":"user-service"}
{"level":"debug","message":"db file already exists","service":"user-service"}
{"level":"info","message":"Buddy Nickname Project running on port 3000","service":"user-service"}
{"level":"debug","message":"db file already exists","service":"user-service"}
{"level":"info","message":"Buddy Nickname Project running on port 3000","service":"user-service"}
{"level":"debug","message":"db file already exists","service":"user-service"}
{"level":"info","message":"Buddy Nickname Project running on port 3000","service":"user-service"}
{"level":"debug","message":"db file already exists","service":"user-service"}
{"level":"info","message":"Buddy Nickname Project running on port 3000","service":"user-service"}
{"level":"debug","message":"db file already exists","service":"user-service"}
{"level":"info","message":"Buddy Nickname Project running on port 3000","service":"user-service"}
{"level":"debug","message":"db file already exists","service":"user-service"}
{"level":"info","message":"Buddy Nickname Project running on port 3000","service":"user-service"}
{"level":"debug","message":"db file already exists","service":"user-service"}
{"level":"info","message":"Buddy Nickname Project running on port 3000","service":"user-service"}
{"level":"debug","message":"db file already exists","service":"user-service"}
{"level":"info","message":"Buddy Nickname Project running on port 3000","service":"user-service"}
{"level":"debug","message":"db file already exists","service":"user-service"}
{"level":"info","message":"Buddy Nickname Project running on port 3000","service":"user-service"}
{"level":"debug","message":"db file already exists","service":"user-service"}
{"level":"info","message":"Buddy Nickname Project running on port 3000","service":"user-service"}
{"level":"debug","message":"db file already exists","service":"user-service"}
{"level":"info","message":"Buddy Nickname Project running on port 3000","service":"user-service"}
{"level":"debug","message":"db file already exists","service":"user-service"}
{"level":"info","message":"Buddy Nickname Project running on port 3000","service":"user-service"}
{"level":"debug","message":"db file already exists","service":"user-service"}
{"level":"info","message":"Buddy Nickname Project running on port 3000","service":"user-service"}
{"level":"debug","message":"db file already exists","service":"user-service"}
{"level":"info","message":"Buddy Nickname Project running on port 3000","service":"user-service"}
{"level":"debug","message":"db file already exists","service":"user-service"}
{"level":"info","message":"Buddy Nickname Project running on port 3000","service":"user-service"}
{"level":"debug","message":"db file already exists","service":"user-service"}
{"level":"info","message":"Buddy Nickname Project running on port 3000","service":"user-service"}
{"level":"debug","message":"db file already exists","service":"user-service"}
{"level":"info","message":"Buddy Nickname Project running on port 3000","service":"user-service"}
{"level":"debug","message":"db file already exists","service":"user-service"}
{"level":"info","message":"Buddy Nickname Project running on port 3000","service":"user-service"}
{"level":"debug","message":"db file already exists","service":"user-service"}
{"level":"info","message":"Buddy Nickname Project running on port 3000","service":"user-service"}
{"level":"debug","message":"db file already exists","service":"user-service"}
{"level":"info","message":"Buddy Nickname Project running on port 3000","service":"user-service"}
{"level":"debug","message":"db file already exists","service":"user-service"}
{"level":"info","message":"Buddy Nickname Project running on port 3000","service":"user-service"}
{"level":"debug","message":"db file already exists","service":"user-service"}
{"level":"info","message":"Buddy Nickname Project running on port 3000","service":"user-service"}
{"level":"debug","message":"db file already exists","service":"user-service"}
{"level":"info","message":"Buddy Nickname Project running on port 3000","service":"user-service"}
{"level":"debug","message":"db file already exists","service":"user-service"}
{"level":"info","message":"Buddy Nickname Project running on port 3000","service":"user-service"}
{"level":"debug","message":"db file already exists","service":"user-service"}
{"level":"info","message":"Buddy Nickname Project running on port 3000","service":"user-service"}
{"level":"debug","message":"db file already exists","service":"user-service"}
{"level":"info","message":"Buddy Nickname Project running on port 3000","service":"user-service"}
{"level":"debug","message":"db file already exists","service":"user-service"}
{"level":"info","message":"Buddy Nickname Project running on port 3000","service":"user-service"}
{"level":"debug","message":"db file already exists","service":"user-service"}
{"level":"info","message":"Buddy Nickname Project running on port 3000","service":"user-service"}
{"level":"debug","message":"db file already exists","service":"user-service"}
{"level":"info","message":"Buddy Nickname Project running on port 3000","service":"user-service"}
{"level":"debug","message":"db file already exists","service":"user-service"}
{"level":"info","message":"Buddy Nickname Project running on port 3000","service":"user-service"}
{"level":"debug","message":"db file already exists","service":"user-service"}
{"level":"info","message":"Buddy Nickname Project running on port 3000","service":"user-service"}
{"level":"debug","message":"db file already exists","service":"user-service"}
{"level":"info","message":"Buddy Nickname Project running on port 3000","service":"user-service"}
{"level":"debug","message":"db file already exists","service":"user-service"}
{"level":"info","message":"Buddy Nickname Project running on port 3000","service":"user-service"}
{"level":"debug","message":"db file already exists","service":"user-service"}
{"level":"info","message":"Buddy Nickname Project running on port 3000","service":"user-service"}
{"level":"debug","message":"db file already exists","service":"user-service"}
{"level":"info","message":"Buddy Nickname Project running on port 3000","service":"user-service"}
{"level":"debug","message":"db file already exists","service":"user-service"}
{"level":"info","message":"Buddy Nickname Project running on port 3000","service":"user-service"}
{"level":"debug","message":"db file already exists","service":"user-service"}
{"level":"info","message":"Buddy Nickname Project running on port 3000","service":"user-service"}
{"level":"debug","message":"db file already exists","service":"user-service"}
{"level":"info","message":"Buddy Nickname Project running on port 3000","service":"user-service"}
{"level":"debug","message":"db file already exists","service":"user-service"}
{"level":"info","message":"Buddy Nickname Project running on port 3000","service":"user-service"}
{"level":"debug","message":"db file already exists","service":"user-service"}
{"level":"info","message":"Buddy Nickname Project running on port 3000","service":"user-service"}
{"level":"debug","message":"db file already exists","service":"user-service"}
{"level":"info","message":"Buddy Nickname Project running on port 3000","service":"user-service"}
{"level":"debug","message":"db file already exists","service":"user-service"}
{"level":"info","message":"Buddy Nickname Project running on port 3000","service":"user-service"}
{"level":"debug","message":"db file already exists","service":"user-service"}
{"level":"info","message":"Buddy Nickname Project running on port 3000","service":"user-service"}
{"level":"debug","message":"db file already exists","service":"user-service"}
{"level":"info","message":"Buddy Nickname Project running on port 3000","service":"user-service"}
{"level":"debug","message":"db file already exists","service":"user-service"}
{"level":"info","message":"Buddy Nickname Project running on port 3000","service":"user-service"}
{"level":"debug","message":"db file already exists","service":"user-service"}
{"level":"info","message":"Buddy Nickname Project running on port 3000","service":"user-service"}
{"level":"debug","message":"db file already exists","service":"user-service"}
{"level":"info","message":"Buddy Nickname Project running on port 3000","service":"user-service"}
{"level":"debug","message":"db file already exists","service":"user-service"}
{"level":"info","message":"Buddy Nickname Project running on port 3000","service":"user-service"}
{"level":"debug","message":"db file already exists","service":"user-service"}
{"level":"info","message":"Buddy Nickname Project running on port 3000","service":"user-service"}
{"level":"debug","message":"db file already exists","service":"user-service"}
{"level":"info","message":"Buddy Nickname Project running on port 3000","service":"user-service"}
{"level":"debug","message":"db file already exists","service":"user-service"}
{"level":"info","message":"Buddy Nickname Project running on port 3000","service":"user-service"}
{"level":"debug","message":"db file already exists","service":"user-service"}
{"level":"info","message":"Buddy Nickname Project running on port 3000","service":"user-service"}
{"level":"debug","message":"db file already exists","service":"user-service"}
{"level":"info","message":"Buddy Nickname Project running on port 3000","service":"user-service"}
{"level":"debug","message":"db file already exists","service":"user-service"}
{"level":"info","message":"Buddy Nickname Project running on port 3000","service":"user-service"}
{"level":"debug","message":"db file already exists","service":"user-service"}
{"level":"info","message":"Buddy Nickname Project running on port 3000","service":"user-service"}
{"level":"debug","message":"db file already exists","service":"user-service"}
{"level":"info","message":"Buddy Nickname Project running on port 3000","service":"user-service"}
{"level":"debug","message":"db file already exists","service":"user-service"}
{"level":"info","message":"Buddy Nickname Project running on port 3000","service":"user-service"}
{"level":"debug","message":"db file already exists","service":"user-service"}
{"level":"info","message":"Buddy Nickname Project running on port 3000","service":"user-service"}
{"level":"debug","message":"db file already exists","service":"user-service"}
{"level":"info","message":"Buddy Nickname Project running on port 3000","service":"user-service"}
{"level":"debug","message":"db file already exists","service":"user-service"}
{"level":"info","message":"Buddy Nickname Project running on port 3000","service":"user-service"}
{"level":"debug","message":"db file already exists","service":"user-service"}
{"level":"info","message":"Buddy Nickname Project running on port 3000","service":"user-service"}
{"level":"debug","message":"db file already exists","service":"user-service"}
{"level":"info","message":"Buddy Nickname Project running on port 3000","service":"user-service"}
{"level":"debug","message":"db file already exists","service":"user-service"}
{"level":"info","message":"Buddy Nickname Project running on port 3000","service":"user-service"}
{"level":"debug","message":"db file already exists","service":"user-service"}
{"level":"info","message":"Buddy Nickname Project running on port 3000","service":"user-service"}
{"level":"debug","message":"db file already exists","service":"user-service"}
{"level":"info","message":"Buddy Nickname Project running on port 3000","service":"user-service"}
{"level":"debug","message":"db file already exists","service":"user-service"}
{"level":"info","message":"Buddy Nickname Project running on port 3000","service":"user-service"}
{"level":"debug","message":"db file already exists","service":"user-service"}
{"level":"info","message":"Buddy Nickname Project running on port 3000","service":"user-service"}
{"level":"debug","message":"db file already exists","service":"user-service"}
{"level":"info","message":"Buddy Nickname Project running on port 3000","service":"user-service"}
{"level":"debug","message":"db file already exists","service":"user-service"}
{"level":"info","message":"Buddy Nickname Project running on port 3000","service":"user-service"}
{"level":"debug","message":"db file already exists","service":"user-service"}
{"level":"info","message":"Buddy Nickname Project running on port 3000","service":"user-service"}
{"level":"debug","message":"db file already exists","service":"user-service"}
{"level":"info","message":"Buddy Nickname Project running on port 3000","service":"user-service"}
{"level":"debug","message":"db file already exists","service":"user-service"}
{"level":"info","message":"Buddy Nickname Project running on port 3000","service":"user-service"}
{"level":"debug","message":"db file already exists","service":"user-service"}
{"level":"info","message":"Buddy Nickname Project running on port 3000","service":"user-service"}
{"level":"debug","message":"db file already exists","service":"user-service"}
{"level":"info","message":"Buddy Nickname Project running on port 3000","service":"user-service"}
{"level":"debug","message":"db file already exists","service":"user-service"}
{"level":"info","message":"Buddy Nickname Project running on port 3000","service":"user-service"}
{"level":"debug","message":"db file already exists","service":"user-service"}
{"level":"info","message":"Buddy Nickname Project running on port 3000","service":"user-service"}
{"level":"debug","message":"db file already exists","service":"user-service"}
{"level":"info","message":"Buddy Nickname Project running on port 3000","service":"user-service"}
{"level":"debug","message":"db file already exists","service":"user-service"}
{"level":"info","message":"Buddy Nickname Project running on port 3000","service":"user-service"}
{"level":"debug","message":"db file already exists","service":"user-service"}
{"level":"info","message":"Buddy Nickname Project running on port 3000","service":"user-service"}
{"level":"debug","message":"db file already exists","service":"user-service"}
{"level":"info","message":"Buddy Nickname Project running on port 3000","service":"user-service"}
{"level":"debug","message":"db file already exists","service":"user-service"}
{"level":"info","message":"Buddy Nickname Project running on port 3000","service":"user-service"}
{"level":"debug","message":"db file already exists","service":"user-service"}
{"level":"info","message":"Buddy Nickname Project running on port 3000","service":"user-service"}
{"level":"debug","message":"db file already exists","service":"user-service"}
{"level":"info","message":"Buddy Nickname Project running on port 3000","service":"user-service"}
{"level":"debug","message":"db file already exists","service":"user-service"}
{"level":"info","message":"Buddy Nickname Project running on port 3000","service":"user-service"}
{"level":"debug","message":"db file already exists","service":"user-service"}
{"level":"info","message":"Buddy Nickname Project running on port 3000","service":"user-service"}
{"level":"debug","message":"db file already exists","service":"user-service"}
{"level":"info","message":"Buddy Nickname Project running on port 3000","service":"user-service"}
{"level":"info","message":"Buddy Nickname Project running on port 3000","service":"user-service"}
{"level":"error","message":"Error occur during connect to mongodb","service":"user-service"}
{"level":"info","message":"Buddy Nickname Project running on port 3000","service":"user-service"}
{"level":"info","message":"Buddy Nickname Project running on port 3000","service":"user-service"}
{"level":"error","message":"Error occur during connect to mongodb","service":"user-service"}
{"level":"info","message":"Buddy Nickname Project running on port 3000","service":"user-service"}
{"level":"info","message":"Buddy Nickname Project running on port 3000","service":"user-service"}
{"level":"info","message":"Buddy Nickname Project running on port 3000","service":"user-service"}
{"level":"info","message":"Buddy Nickname Project running on port 3000","service":"user-service"}
{"level":"info","message":"Buddy Nickname Project running on port 3000","service":"user-service"}
{"level":"error","message":"Error occur during connect to mongodb","service":"user-service"}
{"level":"info","message":"Buddy Nickname Project running on port 3000","service":"user-service"}
{"level":"info","message":"Buddy Nickname Project running on port 3000","service":"user-service"}
{"level":"error","message":"Error occur during connect to mongodb","service":"user-service"}
{"level":"info","message":"Buddy Nickname Project running on port 3000","service":"user-service"}
{"level":"info","message":"MongoDB connected ac-tfkjsyo-shard-00-02.yc91oti.mongodb.net","service":"user-service"}
{"level":"info","message":"Buddy Nickname Project running on port 3000","service":"user-service"}
{"level":"info","message":"MongoDB connected ac-tfkjsyo-shard-00-00.yc91oti.mongodb.net","service":"user-service"}
{"level":"debug","message":"Fetching all buddies from database","service":"user-service"}
{"level":"debug","message":"Reading data from db file : /Users/madhumithaa/Desktop/node_projects/task_4/data/cdw_ace23_buddies.json","service":"user-service"}
{"level":"debug","message":"Fetching all buddies from database","service":"user-service"}
{"level":"debug","message":"Reading data from db file : /Users/madhumithaa/Desktop/node_projects/task_4/data/cdw_ace23_buddies.json","service":"user-service"}
{"level":"debug","message":"Reading data from db file : /Users/madhumithaa/Desktop/node_projects/task_4/data/cdw_ace23_buddies.json","service":"user-service"}
{"level":"info","message":"Data successfully written to db","service":"user-service"}
{"level":"info","message":"Successfully created buddy: 1","service":"user-service"}
{"level":"debug","message":"Fetching all buddies from database","service":"user-service"}
{"level":"debug","message":"Reading data from db file : /Users/madhumithaa/Desktop/node_projects/task_4/data/cdw_ace23_buddies.json","service":"user-service"}
{"level":"debug","message":"Fetching all buddies from database","service":"user-service"}
{"level":"debug","message":"Reading data from db file : /Users/madhumithaa/Desktop/node_projects/task_4/data/cdw_ace23_buddies.json","service":"user-service"}
{"level":"warn","message":"Buddy already exist : 1","service":"user-service"}
{"level":"error","message":"400-Buddy already exist.","service":"user-service"}
{"level":"debug","message":"Fetching buddy with query : undefined","service":"user-service"}
{"level":"debug","message":"Fetching all buddies from database","service":"user-service"}
{"level":"debug","message":"Reading data from db file : /Users/madhumithaa/Desktop/node_projects/task_4/data/cdw_ace23_buddies.json","service":"user-service"}
{"level":"error","message":"500-Cannot read properties of undefined (reading 'toLowerCase')","service":"user-service"}
{"level":"debug","message":"Fetching buddy with query : undefined","service":"user-service"}
{"level":"debug","message":"Fetching all buddies from database","service":"user-service"}
{"level":"debug","message":"Reading data from db file : /Users/madhumithaa/Desktop/node_projects/task_4/data/cdw_ace23_buddies.json","service":"user-service"}
{"level":"error","message":"500-Cannot read properties of undefined (reading 'toLowerCase')","service":"user-service"}
{"level":"debug","message":"Fetching buddy with query : undefined","service":"user-service"}
{"level":"debug","message":"Fetching all buddies from database","service":"user-service"}
{"level":"debug","message":"Reading data from db file : /Users/madhumithaa/Desktop/node_projects/task_4/data/cdw_ace23_buddies.json","service":"user-service"}
{"level":"error","message":"500-Cannot read properties of undefined (reading 'toLowerCase')","service":"user-service"}
{"level":"debug","message":"Fetching buddy with query : undefined","service":"user-service"}
{"level":"debug","message":"Fetching all buddies from database","service":"user-service"}
{"level":"debug","message":"Reading data from db file : /Users/madhumithaa/Desktop/node_projects/task_4/data/cdw_ace23_buddies.json","service":"user-service"}
{"level":"error","message":"500-Cannot read properties of undefined (reading 'toLowerCase')","service":"user-service"}
{"level":"debug","message":"Fetching buddy with query : undefined","service":"user-service"}
{"level":"debug","message":"Fetching all buddies from database","service":"user-service"}
{"level":"debug","message":"Reading data from db file : /Users/madhumithaa/Desktop/node_projects/task_4/data/cdw_ace23_buddies.json","service":"user-service"}
{"level":"error","message":"500-Cannot read properties of undefined (reading 'toLowerCase')","service":"user-service"}
{"level":"debug","message":"Fetching buddy with query : undefined","service":"user-service"}
{"level":"debug","message":"Fetching all buddies from database","service":"user-service"}
{"level":"debug","message":"Reading data from db file : /Users/madhumithaa/Desktop/node_projects/task_4/data/cdw_ace23_buddies.json","service":"user-service"}
{"level":"error","message":"500-Cannot read properties of undefined (reading 'toLowerCase')","service":"user-service"}
{"level":"debug","message":"Fetching buddy with query : undefined","service":"user-service"}
{"level":"debug","message":"Fetching all buddies from database","service":"user-service"}
{"level":"debug","message":"Reading data from db file : /Users/madhumithaa/Desktop/node_projects/task_4/data/cdw_ace23_buddies.json","service":"user-service"}
{"level":"error","message":"500-Cannot read properties of undefined (reading 'toLowerCase')","service":"user-service"}
{"level":"debug","message":"Fetching buddy with query : undefined","service":"user-service"}
{"level":"debug","message":"Fetching all buddies from database","service":"user-service"}
{"level":"debug","message":"Reading data from db file : /Users/madhumithaa/Desktop/node_projects/task_4/data/cdw_ace23_buddies.json","service":"user-service"}
{"level":"error","message":"500-Cannot read properties of undefined (reading 'toLowerCase')","service":"user-service"}
{"level":"debug","message":"Reading data from db file : /Users/madhumithaa/Desktop/node_projects/task_4/data/cdw_ace23_buddies.json","service":"user-service"}
{"level":"info","message":"Data successfully written to db","service":"user-service"}
{"level":"debug","message":"Buddy id : 1.Updated successfully.","service":"user-service"}
{"level":"debug","message":"Reading data from db file : /Users/madhumithaa/Desktop/node_projects/task_4/data/cdw_ace23_buddies.json","service":"user-service"}
{"level":"info","message":"Data successfully written to db","service":"user-service"}
{"level":"debug","message":"Buddy id : 1.Updated successfully.","service":"user-service"}
{"level":"debug","message":"Fetching all buddies from database","service":"user-service"}
{"level":"debug","message":"Reading data from db file : /Users/madhumithaa/Desktop/node_projects/task_4/data/cdw_ace23_buddies.json","service":"user-service"}
{"level":"warn","message":"Buddy already exist : 1","service":"user-service"}
{"level":"error","message":"400-Buddy already exist.","service":"user-service"}
{"level":"debug","message":"Fetching all buddies from database","service":"user-service"}
{"level":"debug","message":"Reading data from db file : /Users/madhumithaa/Desktop/node_projects/task_4/data/cdw_ace23_buddies.json","service":"user-service"}
{"level":"debug","message":"Fetching all buddies from database","service":"user-service"}
{"level":"debug","message":"Reading data from db file : /Users/madhumithaa/Desktop/node_projects/task_4/data/cdw_ace23_buddies.json","service":"user-service"}
{"level":"debug","message":"Reading data from db file : /Users/madhumithaa/Desktop/node_projects/task_4/data/cdw_ace23_buddies.json","service":"user-service"}
{"level":"info","message":"Data successfully written to db","service":"user-service"}
{"level":"info","message":"Deleted buddy with ID: 1","service":"user-service"}
{"level":"debug","message":"Fetching all buddies from database","service":"user-service"}
{"level":"debug","message":"Reading data from db file : /Users/madhumithaa/Desktop/node_projects/task_4/data/cdw_ace23_buddies.json","service":"user-service"}
{"level":"debug","message":"Reading data from db file : /Users/madhumithaa/Desktop/node_projects/task_4/data/cdw_ace23_buddies.json","service":"user-service"}
{"level":"info","message":"Data successfully written to db","service":"user-service"}
{"level":"info","message":"Successfully created buddy: 1","service":"user-service"}
{"level":"debug","message":"Fetching all buddies from database","service":"user-service"}
{"level":"debug","message":"Reading data from db file : /Users/madhumithaa/Desktop/node_projects/task_4/data/cdw_ace23_buddies.json","service":"user-service"}
{"level":"warn","message":"Buddy already exist : 1","service":"user-service"}
{"level":"error","message":"400-Buddy already exist.","service":"user-service"}
{"level":"debug","message":"Fetching all buddies from database","service":"user-service"}
{"level":"debug","message":"Reading data from db file : /Users/madhumithaa/Desktop/node_projects/task_4/data/cdw_ace23_buddies.json","service":"user-service"}
{"level":"debug","message":"Reading data from db file : /Users/madhumithaa/Desktop/node_projects/task_4/data/cdw_ace23_buddies.json","service":"user-service"}
{"level":"info","message":"Data successfully written to db","service":"user-service"}
{"level":"info","message":"Successfully created buddy: 2","service":"user-service"}
{"level":"debug","message":"Fetching all buddies from database","service":"user-service"}
{"level":"debug","message":"Reading data from db file : /Users/madhumithaa/Desktop/node_projects/task_4/data/cdw_ace23_buddies.json","service":"user-service"}
{"level":"debug","message":"Fetching all buddies from database","service":"user-service"}
{"level":"debug","message":"Reading data from db file : /Users/madhumithaa/Desktop/node_projects/task_4/data/cdw_ace23_buddies.json","service":"user-service"}
{"level":"debug","message":"Reading data from db file : /Users/madhumithaa/Desktop/node_projects/task_4/data/cdw_ace23_buddies.json","service":"user-service"}
{"level":"info","message":"Data successfully written to db","service":"user-service"}
{"level":"info","message":"Deleted buddy with ID: 1","service":"user-service"}
{"level":"debug","message":"Fetching all buddies from database","service":"user-service"}
{"level":"debug","message":"Reading data from db file : /Users/madhumithaa/Desktop/node_projects/task_4/data/cdw_ace23_buddies.json","service":"user-service"}
{"level":"error","message":"Buddy with 1 doesn't not found","service":"user-service"}
{"level":"error","message":"404-Buddy doesn't exist","service":"user-service"}
{"level":"debug","message":"Fetching all buddies from database","service":"user-service"}
{"level":"debug","message":"Reading data from db file : /Users/madhumithaa/Desktop/node_projects/task_4/data/cdw_ace23_buddies.json","service":"user-service"}
{"level":"warn","message":"Buddy already exist : 2","service":"user-service"}
{"level":"error","message":"400-Buddy already exist.","service":"user-service"}
{"level":"debug","message":"Fetching all buddies from database","service":"user-service"}
{"level":"debug","message":"Reading data from db file : /Users/madhumithaa/Desktop/node_projects/task_4/data/cdw_ace23_buddies.json","service":"user-service"}
{"level":"debug","message":"Reading data from db file : /Users/madhumithaa/Desktop/node_projects/task_4/data/cdw_ace23_buddies.json","service":"user-service"}
{"level":"info","message":"Data successfully written to db","service":"user-service"}
{"level":"info","message":"Successfully created buddy: 3","service":"user-service"}
{"level":"debug","message":"Fetching all buddies from database","service":"user-service"}
{"level":"debug","message":"Reading data from db file : /Users/madhumithaa/Desktop/node_projects/task_4/data/cdw_ace23_buddies.json","service":"user-service"}
{"level":"debug","message":"Fetching all buddies from database","service":"user-service"}
{"level":"debug","message":"Reading data from db file : /Users/madhumithaa/Desktop/node_projects/task_4/data/cdw_ace23_buddies.json","service":"user-service"}
{"level":"debug","message":"Reading data from db file : /Users/madhumithaa/Desktop/node_projects/task_4/data/cdw_ace23_buddies.json","service":"user-service"}
{"level":"info","message":"Data successfully written to db","service":"user-service"}
{"level":"info","message":"Deleted buddy with ID: 2","service":"user-service"}
{"level":"debug","message":"Fetching all buddies from database","service":"user-service"}
{"level":"debug","message":"Reading data from db file : /Users/madhumithaa/Desktop/node_projects/task_4/data/cdw_ace23_buddies.json","service":"user-service"}
{"level":"debug","message":"Reading data from db file : /Users/madhumithaa/Desktop/node_projects/task_4/data/cdw_ace23_buddies.json","service":"user-service"}
{"level":"info","message":"Data successfully written to db","service":"user-service"}
{"level":"info","message":"Deleted buddy with ID: 3","service":"user-service"}
{"level":"debug","message":"Fetching all buddies from database","service":"user-service"}
{"level":"debug","message":"Reading data from db file : /Users/madhumithaa/Desktop/node_projects/task_4/data/cdw_ace23_buddies.json","service":"user-service"}
{"level":"debug","message":"Reading data from db file : /Users/madhumithaa/Desktop/node_projects/task_4/data/cdw_ace23_buddies.json","service":"user-service"}
{"level":"info","message":"Data successfully written to db","service":"user-service"}
{"level":"info","message":"Successfully created buddy: 1","service":"user-service"}
{"level":"debug","message":"Fetching all buddies from database","service":"user-service"}
{"level":"debug","message":"Reading data from db file : /Users/madhumithaa/Desktop/node_projects/task_4/data/cdw_ace23_buddies.json","service":"user-service"}
{"level":"debug","message":"Reading data from db file : /Users/madhumithaa/Desktop/node_projects/task_4/data/cdw_ace23_buddies.json","service":"user-service"}
{"level":"info","message":"Data successfully written to db","service":"user-service"}
{"level":"info","message":"Successfully created buddy: 2","service":"user-service"}
{"level":"debug","message":"Fetching all buddies from database","service":"user-service"}
{"level":"debug","message":"Reading data from db file : /Users/madhumithaa/Desktop/node_projects/task_4/data/cdw_ace23_buddies.json","service":"user-service"}
{"level":"error","message":"Buddy with 3 doesn't not found","service":"user-service"}
{"level":"error","message":"404-Buddy doesn't exist","service":"user-service"}
{"level":"debug","message":"Fetching all buddies from database","service":"user-service"}
{"level":"debug","message":"Reading data from db file : /Users/madhumithaa/Desktop/node_projects/task_4/data/cdw_ace23_buddies.json","service":"user-service"}
{"level":"debug","message":"Fetching all buddies from database","service":"user-service"}
{"level":"debug","message":"Reading data from db file : /Users/madhumithaa/Desktop/node_projects/task_4/data/cdw_ace23_buddies.json","service":"user-service"}
{"level":"debug","message":"Reading data from db file : /Users/madhumithaa/Desktop/node_projects/task_4/data/cdw_ace23_buddies.json","service":"user-service"}
{"level":"info","message":"Data successfully written to db","service":"user-service"}
{"level":"info","message":"Deleted buddy with ID: 1","service":"user-service"}
{"level":"debug","message":"Fetching all buddies from database","service":"user-service"}
{"level":"debug","message":"Reading data from db file : /Users/madhumithaa/Desktop/node_projects/task_4/data/cdw_ace23_buddies.json","service":"user-service"}
{"level":"error","message":"Buddy with 1 doesn't not found","service":"user-service"}
{"level":"error","message":"404-Buddy doesn't exist","service":"user-service"}
{"level":"debug","message":"Fetching all buddies from database","service":"user-service"}
{"level":"debug","message":"Reading data from db file : /Users/madhumithaa/Desktop/node_projects/task_4/data/cdw_ace23_buddies.json","service":"user-service"}
{"level":"error","message":"Buddy with 1 doesn't not found","service":"user-service"}
{"level":"error","message":"404-Buddy doesn't exist","service":"user-service"}
{"level":"debug","message":"Fetching all buddies from database","service":"user-service"}
{"level":"debug","message":"Reading data from db file : /Users/madhumithaa/Desktop/node_projects/task_4/data/cdw_ace23_buddies.json","service":"user-service"}
{"level":"error","message":"Buddy with 1 doesn't not found","service":"user-service"}
{"level":"error","message":"404-Buddy doesn't exist","service":"user-service"}
{"level":"debug","message":"Fetching all buddies from database","service":"user-service"}
{"level":"debug","message":"Reading data from db file : /Users/madhumithaa/Desktop/node_projects/task_4/data/cdw_ace23_buddies.json","service":"user-service"}
{"level":"error","message":"Buddy with 1 doesn't not found","service":"user-service"}
{"level":"error","message":"404-Buddy doesn't exist","service":"user-service"}
{"level":"debug","message":"Fetching all buddies from database","service":"user-service"}
{"level":"debug","message":"Reading data from db file : /Users/madhumithaa/Desktop/node_projects/task_4/data/cdw_ace23_buddies.json","service":"user-service"}
{"level":"error","message":"Buddy with 3 doesn't not found","service":"user-service"}
{"level":"error","message":"404-Buddy doesn't exist","service":"user-service"}
{"level":"debug","message":"Fetching all buddies from database","service":"user-service"}
{"level":"debug","message":"Reading data from db file : /Users/madhumithaa/Desktop/node_projects/task_4/data/cdw_ace23_buddies.json","service":"user-service"}
{"level":"error","message":"Buddy with 3 doesn't not found","service":"user-service"}
{"level":"error","message":"404-Buddy doesn't exist","service":"user-service"}
{"level":"debug","message":"Fetching all buddies from database","service":"user-service"}
{"level":"debug","message":"Reading data from db file : /Users/madhumithaa/Desktop/node_projects/task_4/data/cdw_ace23_buddies.json","service":"user-service"}
{"level":"debug","message":"Fetching all buddies from database","service":"user-service"}
{"level":"debug","message":"Reading data from db file : /Users/madhumithaa/Desktop/node_projects/task_4/data/cdw_ace23_buddies.json","service":"user-service"}
{"level":"debug","message":"Reading data from db file : /Users/madhumithaa/Desktop/node_projects/task_4/data/cdw_ace23_buddies.json","service":"user-service"}
{"level":"info","message":"Data successfully written to db","service":"user-service"}
{"level":"info","message":"Successfully created buddy: 3","service":"user-service"}
{"level":"debug","message":"Reading data from db file : /Users/madhumithaa/Desktop/node_projects/task_4/data/cdw_ace23_buddies.json","service":"user-service"}
{"level":"error","message":"Buddy with 1 doesn't exist","service":"user-service"}
{"level":"error","message":"500-error.status is not a function","service":"user-service"}
{"level":"debug","message":"Reading data from db file : /Users/madhumithaa/Desktop/node_projects/task_4/data/cdw_ace23_buddies.json","service":"user-service"}
{"level":"error","message":"Buddy with 1 doesn't exist","service":"user-service"}
{"level":"error","message":"500-error.status is not a function","service":"user-service"}
{"level":"debug","message":"Reading data from db file : /Users/madhumithaa/Desktop/node_projects/task_4/data/cdw_ace23_buddies.json","service":"user-service"}
{"level":"error","message":"Buddy with 1 doesn't exist","service":"user-service"}
{"level":"error","message":"500-error.status is not a function","service":"user-service"}
{"level":"debug","message":"Reading data from db file : /Users/madhumithaa/Desktop/node_projects/task_4/data/cdw_ace23_buddies.json","service":"user-service"}
{"level":"error","message":"Buddy with 1 doesn't exist","service":"user-service"}
{"level":"error","message":"500-error.status is not a function","service":"user-service"}
{"level":"debug","message":"Reading data from db file : /Users/madhumithaa/Desktop/node_projects/task_4/data/cdw_ace23_buddies.json","service":"user-service"}
{"level":"error","message":"Buddy with 1 doesn't exist","service":"user-service"}
{"level":"error","message":"500-error.status is not a function","service":"user-service"}
{"level":"debug","message":"Reading data from db file : /Users/madhumithaa/Desktop/node_projects/task_4/data/cdw_ace23_buddies.json","service":"user-service"}
{"level":"error","message":"Buddy with 1 doesn't exist","service":"user-service"}
{"level":"error","message":"500-error.status is not a function","service":"user-service"}
{"level":"debug","message":"Reading data from db file : /Users/madhumithaa/Desktop/node_projects/task_4/data/cdw_ace23_buddies.json","service":"user-service"}
{"level":"error","message":"Buddy with 1 doesn't exist","service":"user-service"}
{"level":"error","message":"500-error.status is not a function","service":"user-service"}
{"level":"debug","message":"Fetching all buddies from database","service":"user-service"}
{"level":"debug","message":"Reading data from db file : /Users/madhumithaa/Desktop/node_projects/task_4/data/cdw_ace23_buddies.json","service":"user-service"}
{"level":"debug","message":"Reading data from db file : /Users/madhumithaa/Desktop/node_projects/task_4/data/cdw_ace23_buddies.json","service":"user-service"}
{"level":"info","message":"Data successfully written to db","service":"user-service"}
{"level":"info","message":"Deleted buddy with ID: 3","service":"user-service"}
{"level":"debug","message":"Fetching buddy with query : undefined","service":"user-service"}
{"level":"debug","message":"Fetching all buddies from database","service":"user-service"}
{"level":"debug","message":"Reading data from db file : /Users/madhumithaa/Desktop/node_projects/task_4/data/cdw_ace23_buddies.json","service":"user-service"}
{"level":"error","message":"500-Cannot read properties of undefined (reading 'toLowerCase')","service":"user-service"}
{"level":"debug","message":"Reading data from db file : /Users/madhumithaa/Desktop/node_projects/task_4/data/cdw_ace23_buddies.json","service":"user-service"}
{"level":"error","message":"Buddy with 1 doesn't exist","service":"user-service"}
{"level":"error","message":"500-error.status is not a function","service":"user-service"}
{"level":"debug","message":"Reading data from db file : /Users/madhumithaa/Desktop/node_projects/task_4/data/cdw_ace23_buddies.json","service":"user-service"}
{"level":"error","message":"Buddy with 1 doesn't exist","service":"user-service"}
{"level":"error","message":"500-error.status is not a function","service":"user-service"}
{"level":"debug","message":"Reading data from db file : /Users/madhumithaa/Desktop/node_projects/task_4/data/cdw_ace23_buddies.json","service":"user-service"}
{"level":"error","message":"Buddy with 1 doesn't exist","service":"user-service"}
{"level":"error","message":"500-error.status is not a function","service":"user-service"}
{"level":"debug","message":"Reading data from db file : /Users/madhumithaa/Desktop/node_projects/task_4/data/cdw_ace23_buddies.json","service":"user-service"}
{"level":"error","message":"Buddy with 1 doesn't exist","service":"user-service"}
{"level":"error","message":"500-error.status is not a function","service":"user-service"}
{"level":"debug","message":"Reading data from db file : /Users/madhumithaa/Desktop/node_projects/task_4/data/cdw_ace23_buddies.json","service":"user-service"}
{"level":"error","message":"Buddy with 1 doesn't exist","service":"user-service"}
{"level":"error","message":"500-error.status is not a function","service":"user-service"}
{"level":"debug","message":"Reading data from db file : /Users/madhumithaa/Desktop/node_projects/task_4/data/cdw_ace23_buddies.json","service":"user-service"}
{"level":"error","message":"Buddy with 1 doesn't exist","service":"user-service"}
{"level":"error","message":"500-error.status is not a function","service":"user-service"}
{"level":"debug","message":"Reading data from db file : /Users/madhumithaa/Desktop/node_projects/task_4/data/cdw_ace23_buddies.json","service":"user-service"}
{"level":"error","message":"Buddy with 1 doesn't exist","service":"user-service"}
{"level":"error","message":"500-error.status is not a function","service":"user-service"}
{"level":"debug","message":"Fetching all buddies from database","service":"user-service"}
{"level":"debug","message":"Reading data from db file : /Users/madhumithaa/Desktop/node_projects/task_4/data/cdw_ace23_buddies.json","service":"user-service"}
{"level":"debug","message":"Fetching all buddies from database","service":"user-service"}
{"level":"debug","message":"Reading data from db file : /Users/madhumithaa/Desktop/node_projects/task_4/data/cdw_ace23_buddies.json","service":"user-service"}
{"level":"debug","message":"Fetching all buddies from database","service":"user-service"}
{"level":"debug","message":"Reading data from db file : /Users/madhumithaa/Desktop/node_projects/task_4/data/cdw_ace23_buddies.json","service":"user-service"}
{"level":"debug","message":"Fetching all buddies from database","service":"user-service"}
{"level":"debug","message":"Reading data from db file : /Users/madhumithaa/Desktop/node_projects/task_4/data/cdw_ace23_buddies.json","service":"user-service"}
{"level":"debug","message":"Fetching all buddies from database","service":"user-service"}
{"level":"debug","message":"Reading data from db file : /Users/madhumithaa/Desktop/node_projects/task_4/data/cdw_ace23_buddies.json","service":"user-service"}
{"level":"debug","message":"Fetching all buddies from database","service":"user-service"}
{"level":"debug","message":"Reading data from db file : /Users/madhumithaa/Desktop/node_projects/task_4/data/cdw_ace23_buddies.json","service":"user-service"}
{"level":"debug","message":"Reading data from db file : /Users/madhumithaa/Desktop/node_projects/task_4/data/cdw_ace23_buddies.json","service":"user-service"}
{"level":"info","message":"Data successfully written to db","service":"user-service"}
{"level":"info","message":"Successfully created buddy: 3","service":"user-service"}
{"level":"debug","message":"Fetching all buddies from database","service":"user-service"}
{"level":"debug","message":"Reading data from db file : /Users/madhumithaa/Desktop/node_projects/task_4/data/cdw_ace23_buddies.json","service":"user-service"}
{"level":"debug","message":"Reading data from db file : /Users/madhumithaa/Desktop/node_projects/task_4/data/cdw_ace23_buddies.json","service":"user-service"}
{"level":"info","message":"Data successfully written to db","service":"user-service"}
{"level":"info","message":"Successfully created buddy: 4","service":"user-service"}
{"level":"debug","message":"Fetching all buddies from database","service":"user-service"}
{"level":"debug","message":"Reading data from db file : /Users/madhumithaa/Desktop/node_projects/task_4/data/cdw_ace23_buddies.json","service":"user-service"}
{"level":"debug","message":"Fetching all buddies from database","service":"user-service"}
{"level":"debug","message":"Reading data from db file : /Users/madhumithaa/Desktop/node_projects/task_4/data/cdw_ace23_buddies.json","service":"user-service"}
{"level":"debug","message":"Fetching all buddies from database","service":"user-service"}
{"level":"debug","message":"Reading data from db file : /Users/madhumithaa/Desktop/node_projects/task_4/data/cdw_ace23_buddies.json","service":"user-service"}
{"level":"debug","message":"Fetching all buddies from database","service":"user-service"}
{"level":"debug","message":"Reading data from db file : /Users/madhumithaa/Desktop/node_projects/task_4/data/cdw_ace23_buddies.json","service":"user-service"}
{"level":"warn","message":"Buddy already exist : 4","service":"user-service"}
{"level":"error","message":"400-Buddy already exist.","service":"user-service"}
{"level":"debug","message":"Fetching all buddies from database","service":"user-service"}
{"level":"debug","message":"Reading data from db file : /Users/madhumithaa/Desktop/node_projects/task_4/data/cdw_ace23_buddies.json","service":"user-service"}
{"level":"debug","message":"Reading data from db file : /Users/madhumithaa/Desktop/node_projects/task_4/data/cdw_ace23_buddies.json","service":"user-service"}
{"level":"info","message":"Data successfully written to db","service":"user-service"}
{"level":"info","message":"Successfully created buddy: 5","service":"user-service"}
{"level":"debug","message":"Fetching all buddies from database","service":"user-service"}
{"level":"debug","message":"Reading data from db file : /Users/madhumithaa/Desktop/node_projects/task_4/data/cdw_ace23_buddies.json","service":"user-service"}
{"level":"debug","message":"Fetching all buddies from database","service":"user-service"}
{"level":"debug","message":"Reading data from db file : /Users/madhumithaa/Desktop/node_projects/task_4/data/cdw_ace23_buddies.json","service":"user-service"}
{"level":"debug","message":"Fetching all buddies from database","service":"user-service"}
{"level":"debug","message":"Reading data from db file : /Users/madhumithaa/Desktop/node_projects/task_4/data/cdw_ace23_buddies.json","service":"user-service"}
{"level":"debug","message":"Reading data from db file : /Users/madhumithaa/Desktop/node_projects/task_4/data/cdw_ace23_buddies.json","service":"user-service"}
{"level":"info","message":"Data successfully written to db","service":"user-service"}
{"level":"info","message":"Successfully created buddy: 1","service":"user-service"}
{"level":"debug","message":"Fetching all buddies from database","service":"user-service"}
{"level":"debug","message":"Reading data from db file : /Users/madhumithaa/Desktop/node_projects/task_4/data/cdw_ace23_buddies.json","service":"user-service"}
{"level":"debug","message":"Reading data from db file : /Users/madhumithaa/Desktop/node_projects/task_4/data/cdw_ace23_buddies.json","service":"user-service"}
{"level":"info","message":"Data successfully written to db","service":"user-service"}
{"level":"info","message":"Deleted buddy with ID: 2","service":"user-service"}
{"level":"debug","message":"Fetching all buddies from database","service":"user-service"}
{"level":"debug","message":"Reading data from db file : /Users/madhumithaa/Desktop/node_projects/task_4/data/cdw_ace23_buddies.json","service":"user-service"}
{"level":"debug","message":"Fetching all buddies from database","service":"user-service"}
{"level":"debug","message":"Reading data from db file : /Users/madhumithaa/Desktop/node_projects/task_4/data/cdw_ace23_buddies.json","service":"user-service"}
{"level":"debug","message":"Reading data from db file : /Users/madhumithaa/Desktop/node_projects/task_4/data/cdw_ace23_buddies.json","service":"user-service"}
{"level":"info","message":"Data successfully written to db","service":"user-service"}
{"level":"info","message":"Deleted buddy with ID: 3","service":"user-service"}
{"level":"debug","message":"Fetching buddy with query : undefined","service":"user-service"}
{"level":"debug","message":"Fetching all buddies from database","service":"user-service"}
{"level":"debug","message":"Reading data from db file : /Users/madhumithaa/Desktop/node_projects/task_4/data/cdw_ace23_buddies.json","service":"user-service"}
{"level":"error","message":"500-Cannot read properties of undefined (reading 'toLowerCase')","service":"user-service"}
{"level":"debug","message":"Fetching buddy with query : undefined","service":"user-service"}
{"level":"debug","message":"Fetching all buddies from database","service":"user-service"}
{"level":"debug","message":"Reading data from db file : /Users/madhumithaa/Desktop/node_projects/task_4/data/cdw_ace23_buddies.json","service":"user-service"}
{"level":"error","message":"500-Cannot read properties of undefined (reading 'toLowerCase')","service":"user-service"}
{"level":"debug","message":"Fetching all buddies from database","service":"user-service"}
{"level":"debug","message":"Reading data from db file : /Users/madhumithaa/Desktop/node_projects/task_4/data/cdw_ace23_buddies.json","service":"user-service"}
{"level":"debug","message":"Fetching all buddies from database","service":"user-service"}
{"level":"debug","message":"Reading data from db file : /Users/madhumithaa/Desktop/node_projects/task_4/data/cdw_ace23_buddies.json","service":"user-service"}
{"level":"error","message":"Buddy with 3 doesn't not found","service":"user-service"}
{"level":"error","message":"404-Buddy doesn't exist","service":"user-service"}
{"level":"debug","message":"Fetching all buddies from database","service":"user-service"}
{"level":"debug","message":"Reading data from db file : /Users/madhumithaa/Desktop/node_projects/task_4/data/cdw_ace23_buddies.json","service":"user-service"}
{"level":"error","message":"Buddy with 2 doesn't not found","service":"user-service"}
{"level":"error","message":"404-Buddy doesn't exist","service":"user-service"}
{"level":"debug","message":"Fetching all buddies from database","service":"user-service"}
{"level":"debug","message":"Reading data from db file : /Users/madhumithaa/Desktop/node_projects/task_4/data/cdw_ace23_buddies.json","service":"user-service"}
{"level":"debug","message":"Fetching all buddies from database","service":"user-service"}
{"level":"debug","message":"Reading data from db file : /Users/madhumithaa/Desktop/node_projects/task_4/data/cdw_ace23_buddies.json","service":"user-service"}
{"level":"error","message":"Buddy with 1 doesn't not found","service":"user-service"}
{"level":"error","message":"404-Buddy doesn't exist","service":"user-service"}
{"level":"debug","message":"Fetching all buddies from database","service":"user-service"}
{"level":"debug","message":"Reading data from db file : /Users/madhumithaa/Desktop/node_projects/task_4/data/cdw_ace23_buddies.json","service":"user-service"}
{"level":"debug","message":"Reading data from db file : /Users/madhumithaa/Desktop/node_projects/task_4/data/cdw_ace23_buddies.json","service":"user-service"}
{"level":"info","message":"Data successfully written to db","service":"user-service"}
{"level":"info","message":"Deleted buddy with ID: 4","service":"user-service"}
{"level":"debug","message":"Fetching all buddies from database","service":"user-service"}
{"level":"debug","message":"Reading data from db file : /Users/madhumithaa/Desktop/node_projects/task_4/data/cdw_ace23_buddies.json","service":"user-service"}
{"level":"debug","message":"Fetching all buddies from database","service":"user-service"}
{"level":"debug","message":"Reading data from db file : /Users/madhumithaa/Desktop/node_projects/task_4/data/cdw_ace23_buddies.json","service":"user-service"}
{"level":"debug","message":"Fetching all buddies from database","service":"user-service"}
{"level":"debug","message":"Reading data from db file : /Users/madhumithaa/Desktop/node_projects/task_4/data/cdw_ace23_buddies.json","service":"user-service"}
{"level":"debug","message":"Fetching all buddies from database","service":"user-service"}
{"level":"debug","message":"Reading data from db file : /Users/madhumithaa/Desktop/node_projects/task_4/data/cdw_ace23_buddies.json","service":"user-service"}
{"level":"debug","message":"Fetching all buddies from database","service":"user-service"}
{"level":"debug","message":"Reading data from db file : /Users/madhumithaa/Desktop/node_projects/task_4/data/cdw_ace23_buddies.json","service":"user-service"}
{"level":"debug","message":"Fetching all buddies from database","service":"user-service"}
{"level":"debug","message":"Reading data from db file : /Users/madhumithaa/Desktop/node_projects/task_4/data/cdw_ace23_buddies.json","service":"user-service"}
{"level":"debug","message":"Fetching all buddies from database","service":"user-service"}
{"level":"debug","message":"Reading data from db file : /Users/madhumithaa/Desktop/node_projects/task_4/data/cdw_ace23_buddies.json","service":"user-service"}
{"level":"debug","message":"Fetching all buddies from database","service":"user-service"}
{"level":"debug","message":"Reading data from db file : /Users/madhumithaa/Desktop/node_projects/task_4/data/cdw_ace23_buddies.json","service":"user-service"}
{"level":"debug","message":"Fetching all buddies from database","service":"user-service"}
{"level":"debug","message":"Reading data from db file : /Users/madhumithaa/Desktop/node_projects/task_4/data/cdw_ace23_buddies.json","service":"user-service"}
{"level":"debug","message":"Fetching all buddies from database","service":"user-service"}
{"level":"debug","message":"Reading data from db file : /Users/madhumithaa/Desktop/node_projects/task_4/data/cdw_ace23_buddies.json","service":"user-service"}
{"level":"debug","message":"Fetching all buddies from database","service":"user-service"}
{"level":"debug","message":"Reading data from db file : /Users/madhumithaa/Desktop/node_projects/task_4/data/cdw_ace23_buddies.json","service":"user-service"}
{"level":"debug","message":"Fetching all buddies from database","service":"user-service"}
{"level":"debug","message":"Reading data from db file : /Users/madhumithaa/Desktop/node_projects/task_4/data/cdw_ace23_buddies.json","service":"user-service"}
{"level":"debug","message":"Fetching all buddies from database","service":"user-service"}
{"level":"debug","message":"Reading data from db file : /Users/madhumithaa/Desktop/node_projects/task_4/data/cdw_ace23_buddies.json","service":"user-service"}
{"level":"debug","message":"Fetching all buddies from database","service":"user-service"}
{"level":"debug","message":"Reading data from db file : /Users/madhumithaa/Desktop/node_projects/task_4/data/cdw_ace23_buddies.json","service":"user-service"}
{"level":"debug","message":"Fetching all buddies from database","service":"user-service"}
{"level":"debug","message":"Reading data from db file : /Users/madhumithaa/Desktop/node_projects/task_4/data/cdw_ace23_buddies.json","service":"user-service"}
{"level":"debug","message":"Fetching all buddies from database","service":"user-service"}
{"level":"debug","message":"Reading data from db file : /Users/madhumithaa/Desktop/node_projects/task_4/data/cdw_ace23_buddies.json","service":"user-service"}
{"level":"debug","message":"Fetching all buddies from database","service":"user-service"}
{"level":"debug","message":"Reading data from db file : /Users/madhumithaa/Desktop/node_projects/task_4/data/cdw_ace23_buddies.json","service":"user-service"}
{"level":"debug","message":"Fetching all buddies from database","service":"user-service"}
{"level":"debug","message":"Reading data from db file : /Users/madhumithaa/Desktop/node_projects/task_4/data/cdw_ace23_buddies.json","service":"user-service"}
{"level":"debug","message":"Fetching all buddies from database","service":"user-service"}
{"level":"debug","message":"Reading data from db file : /Users/madhumithaa/Desktop/node_projects/task_4/data/cdw_ace23_buddies.json","service":"user-service"}
{"level":"debug","message":"Fetching all buddies from database","service":"user-service"}
{"level":"debug","message":"Reading data from db file : /Users/madhumithaa/Desktop/node_projects/task_4/data/cdw_ace23_buddies.json","service":"user-service"}
{"level":"debug","message":"Fetching all buddies from database","service":"user-service"}
{"level":"debug","message":"Reading data from db file : /Users/madhumithaa/Desktop/node_projects/task_4/data/cdw_ace23_buddies.json","service":"user-service"}
{"level":"debug","message":"Fetching all buddies from database","service":"user-service"}
{"level":"debug","message":"Reading data from db file : /Users/madhumithaa/Desktop/node_projects/task_4/data/cdw_ace23_buddies.json","service":"user-service"}
{"level":"debug","message":"Fetching all buddies from database","service":"user-service"}
{"level":"debug","message":"Reading data from db file : /Users/madhumithaa/Desktop/node_projects/task_4/data/cdw_ace23_buddies.json","service":"user-service"}
{"level":"debug","message":"Fetching all buddies from database","service":"user-service"}
{"level":"debug","message":"Reading data from db file : /Users/madhumithaa/Desktop/node_projects/task_4/data/cdw_ace23_buddies.json","service":"user-service"}
{"level":"info","message":"Buddy Nickname Project running on port 3000","service":"user-service"}
{"level":"info","message":"MongoDB connected ac-tfkjsyo-shard-00-01.yc91oti.mongodb.net","service":"user-service"}
{"level":"info","message":"Buddy Nickname Project running on port 3000","service":"user-service"}
{"level":"info","message":"MongoDB connected ac-tfkjsyo-shard-00-01.yc91oti.mongodb.net","service":"user-service"}
{"level":"info","message":"Buddy Nickname Project running on port 3000","service":"user-service"}
{"level":"info","message":"MongoDB connected ac-tfkjsyo-shard-00-00.yc91oti.mongodb.net","service":"user-service"}
{"level":"info","message":"Buddy Nickname Project running on port 3000","service":"user-service"}
{"level":"info","message":"MongoDB connected ac-tfkjsyo-shard-00-02.yc91oti.mongodb.net","service":"user-service"}
{"level":"info","message":"Buddy Nickname Project running on port 3000","service":"user-service"}
{"level":"info","message":"MongoDB connected ac-tfkjsyo-shard-00-01.yc91oti.mongodb.net","service":"user-service"}
{"level":"info","message":"Buddy Nickname Project running on port 3000","service":"user-service"}
{"level":"info","message":"MongoDB connected ac-tfkjsyo-shard-00-00.yc91oti.mongodb.net","service":"user-service"}
{"level":"info","message":"Buddy Nickname Project running on port 3000","service":"user-service"}
{"level":"info","message":"MongoDB connected ac-tfkjsyo-shard-00-02.yc91oti.mongodb.net","service":"user-service"}
{"level":"info","message":"Buddy Nickname Project running on port 3000","service":"user-service"}
{"level":"info","message":"MongoDB connected ac-tfkjsyo-shard-00-01.yc91oti.mongodb.net","service":"user-service"}
{"level":"info","message":"Buddy Nickname Project running on port 3000","service":"user-service"}
{"level":"info","message":"MongoDB connected ac-tfkjsyo-shard-00-00.yc91oti.mongodb.net","service":"user-service"}
{"level":"info","message":"Buddy Nickname Project running on port 3000","service":"user-service"}
{"level":"info","message":"MongoDB connected ac-tfkjsyo-shard-00-02.yc91oti.mongodb.net","service":"user-service"}
{"level":"info","message":"Buddy Nickname Project running on port 3000","service":"user-service"}
{"level":"info","message":"MongoDB connected ac-tfkjsyo-shard-00-01.yc91oti.mongodb.net","service":"user-service"}
{"level":"info","message":"Buddy Nickname Project running on port 3000","service":"user-service"}
{"level":"info","message":"MongoDB connected ac-tfkjsyo-shard-00-00.yc91oti.mongodb.net","service":"user-service"}
{"level":"info","message":"Buddy Nickname Project running on port 3000","service":"user-service"}
{"level":"info","message":"MongoDB connected ac-tfkjsyo-shard-00-02.yc91oti.mongodb.net","service":"user-service"}
{"level":"info","message":"Buddy Nickname Project running on port 3000","service":"user-service"}
{"level":"info","message":"MongoDB connected ac-tfkjsyo-shard-00-00.yc91oti.mongodb.net","service":"user-service"}
{"level":"info","message":"Buddy Nickname Project running on port 3000","service":"user-service"}
{"level":"info","message":"MongoDB connected ac-tfkjsyo-shard-00-01.yc91oti.mongodb.net","service":"user-service"}
{"level":"info","message":"Buddy Nickname Project running on port 3000","service":"user-service"}
{"level":"info","message":"MongoDB connected ac-tfkjsyo-shard-00-02.yc91oti.mongodb.net","service":"user-service"}
{"level":"info","message":"Buddy Nickname Project running on port 3000","service":"user-service"}
{"level":"info","message":"MongoDB connected ac-tfkjsyo-shard-00-01.yc91oti.mongodb.net","service":"user-service"}
{"level":"info","message":"Buddy Nickname Project running on port 3000","service":"user-service"}
{"level":"info","message":"MongoDB connected ac-tfkjsyo-shard-00-00.yc91oti.mongodb.net","service":"user-service"}
{"level":"info","message":"Buddy Nickname Project running on port 3000","service":"user-service"}
{"level":"info","message":"MongoDB connected ac-tfkjsyo-shard-00-02.yc91oti.mongodb.net","service":"user-service"}
{"level":"info","message":"Buddy Nickname Project running on port 3000","service":"user-service"}
{"level":"info","message":"MongoDB connected ac-tfkjsyo-shard-00-01.yc91oti.mongodb.net","service":"user-service"}
{"level":"info","message":"Buddy Nickname Project running on port 3000","service":"user-service"}
{"level":"info","message":"MongoDB connected ac-tfkjsyo-shard-00-00.yc91oti.mongodb.net","service":"user-service"}
{"level":"info","message":"Buddy Nickname Project running on port 3000","service":"user-service"}
{"level":"info","message":"MongoDB connected ac-tfkjsyo-shard-00-02.yc91oti.mongodb.net","service":"user-service"}
{"level":"info","message":"Buddy Nickname Project running on port 3000","service":"user-service"}
{"level":"info","message":"Buddy Nickname Project running on port 3000","service":"user-service"}
{"level":"info","message":"MongoDB connected ac-tfkjsyo-shard-00-02.yc91oti.mongodb.net","service":"user-service"}
{"level":"info","message":"Buddy Nickname Project running on port 3000","service":"user-service"}
{"level":"info","message":"MongoDB connected ac-tfkjsyo-shard-00-02.yc91oti.mongodb.net","service":"user-service"}
{"level":"info","message":"Buddy Nickname Project running on port 3000","service":"user-service"}
{"level":"info","message":"MongoDB connected ac-tfkjsyo-shard-00-01.yc91oti.mongodb.net","service":"user-service"}
{"level":"info","message":"Buddy Nickname Project running on port 3000","service":"user-service"}
{"level":"info","message":"MongoDB connected ac-tfkjsyo-shard-00-00.yc91oti.mongodb.net","service":"user-service"}
{"level":"info","message":"Buddy Nickname Project running on port 3000","service":"user-service"}
{"level":"info","message":"MongoDB connected ac-tfkjsyo-shard-00-02.yc91oti.mongodb.net","service":"user-service"}
{"level":"info","message":"Buddy Nickname Project running on port 3000","service":"user-service"}
{"level":"info","message":"MongoDB connected ac-tfkjsyo-shard-00-01.yc91oti.mongodb.net","service":"user-service"}
{"level":"info","message":"Buddy Nickname Project running on port 3000","service":"user-service"}
{"level":"info","message":"MongoDB connected ac-tfkjsyo-shard-00-00.yc91oti.mongodb.net","service":"user-service"}
{"level":"info","message":"Buddy Nickname Project running on port 3000","service":"user-service"}
{"level":"info","message":"MongoDB connected ac-tfkjsyo-shard-00-02.yc91oti.mongodb.net","service":"user-service"}
{"level":"info","message":"Buddy Nickname Project running on port 3000","service":"user-service"}
{"level":"info","message":"MongoDB connected ac-tfkjsyo-shard-00-00.yc91oti.mongodb.net","service":"user-service"}
{"level":"info","message":"Buddy Nickname Project running on port 3000","service":"user-service"}
{"level":"info","message":"MongoDB connected ac-tfkjsyo-shard-00-01.yc91oti.mongodb.net","service":"user-service"}
{"level":"info","message":"Buddy Nickname Project running on port 3000","service":"user-service"}
{"level":"info","message":"MongoDB connected ac-tfkjsyo-shard-00-02.yc91oti.mongodb.net","service":"user-service"}
{"level":"info","message":"Buddy Nickname Project running on port 3000","service":"user-service"}
{"level":"info","message":"MongoDB connected ac-tfkjsyo-shard-00-00.yc91oti.mongodb.net","service":"user-service"}
{"level":"info","message":"Buddy Nickname Project running on port 3000","service":"user-service"}
{"level":"info","message":"MongoDB connected ac-tfkjsyo-shard-00-01.yc91oti.mongodb.net","service":"user-service"}
{"level":"info","message":"Buddy Nickname Project running on port 3000","service":"user-service"}
{"level":"info","message":"MongoDB connected ac-tfkjsyo-shard-00-02.yc91oti.mongodb.net","service":"user-service"}
{"level":"info","message":"Buddy Nickname Project running on port 3000","service":"user-service"}
{"level":"info","message":"MongoDB connected ac-tfkjsyo-shard-00-00.yc91oti.mongodb.net","service":"user-service"}
{"level":"info","message":"Buddy Nickname Project running on port 3000","service":"user-service"}
{"level":"info","message":"MongoDB connected ac-tfkjsyo-shard-00-01.yc91oti.mongodb.net","service":"user-service"}
{"level":"info","message":"Buddy Nickname Project running on port 3000","service":"user-service"}
{"level":"info","message":"MongoDB connected ac-tfkjsyo-shard-00-02.yc91oti.mongodb.net","service":"user-service"}
{"level":"info","message":"Buddy Nickname Project running on port 3000","service":"user-service"}
{"level":"info","message":"MongoDB connected ac-tfkjsyo-shard-00-00.yc91oti.mongodb.net","service":"user-service"}
{"level":"info","message":"Buddy Nickname Project running on port 3000","service":"user-service"}
{"level":"info","message":"MongoDB connected ac-tfkjsyo-shard-00-02.yc91oti.mongodb.net","service":"user-service"}
{"level":"info","message":"Buddy Nickname Project running on port 3000","service":"user-service"}
{"level":"info","message":"MongoDB connected ac-tfkjsyo-shard-00-00.yc91oti.mongodb.net","service":"user-service"}
{"level":"info","message":"Buddy Nickname Project running on port 3000","service":"user-service"}
{"level":"info","message":"MongoDB connected ac-tfkjsyo-shard-00-01.yc91oti.mongodb.net","service":"user-service"}
{"level":"info","message":"Buddy Nickname Project running on port 3000","service":"user-service"}
{"level":"info","message":"MongoDB connected ac-tfkjsyo-shard-00-02.yc91oti.mongodb.net","service":"user-service"}
{"level":"info","message":"Buddy Nickname Project running on port 3000","service":"user-service"}
{"level":"info","message":"MongoDB connected ac-tfkjsyo-shard-00-00.yc91oti.mongodb.net","service":"user-service"}
{"level":"info","message":"Buddy Nickname Project running on port 3000","service":"user-service"}
{"level":"info","message":"MongoDB connected ac-tfkjsyo-shard-00-01.yc91oti.mongodb.net","service":"user-service"}
{"level":"info","message":"Buddy Nickname Project running on port 3000","service":"user-service"}
{"level":"info","message":"MongoDB connected ac-tfkjsyo-shard-00-02.yc91oti.mongodb.net","service":"user-service"}
{"level":"info","message":"Buddy Nickname Project running on port 3000","service":"user-service"}
{"level":"info","message":"MongoDB connected ac-tfkjsyo-shard-00-00.yc91oti.mongodb.net","service":"user-service"}
{"level":"info","message":"Buddy Nickname Project running on port 3000","service":"user-service"}
{"level":"info","message":"MongoDB connected ac-tfkjsyo-shard-00-01.yc91oti.mongodb.net","service":"user-service"}
{"level":"info","message":"Buddy Nickname Project running on port 3000","service":"user-service"}
{"level":"info","message":"MongoDB connected ac-tfkjsyo-shard-00-01.yc91oti.mongodb.net","service":"user-service"}
{"level":"info","message":"Buddy Nickname Project running on port 3000","service":"user-service"}
{"level":"info","message":"MongoDB connected ac-tfkjsyo-shard-00-02.yc91oti.mongodb.net","service":"user-service"}
{"level":"info","message":"Buddy Nickname Project running on port 3000","service":"user-service"}
{"level":"info","message":"MongoDB connected ac-tfkjsyo-shard-00-00.yc91oti.mongodb.net","service":"user-service"}
{"level":"info","message":"Buddy Nickname Project running on port 3000","service":"user-service"}
{"level":"info","message":"MongoDB connected ac-tfkjsyo-shard-00-01.yc91oti.mongodb.net","service":"user-service"}
{"level":"info","message":"Buddy Nickname Project running on port 3000","service":"user-service"}
{"level":"info","message":"MongoDB connected ac-tfkjsyo-shard-00-02.yc91oti.mongodb.net","service":"user-service"}
{"level":"info","message":"Buddy Nickname Project running on port 3000","service":"user-service"}
{"level":"info","message":"MongoDB connected ac-tfkjsyo-shard-00-00.yc91oti.mongodb.net","service":"user-service"}
{"level":"info","message":"Buddy Nickname Project running on port 3000","service":"user-service"}
{"level":"info","message":"MongoDB connected ac-tfkjsyo-shard-00-01.yc91oti.mongodb.net","service":"user-service"}
{"level":"info","message":"Buddy Nickname Project running on port 3000","service":"user-service"}
{"level":"info","message":"MongoDB connected ac-tfkjsyo-shard-00-02.yc91oti.mongodb.net","service":"user-service"}
{"level":"info","message":"Buddy Nickname Project running on port 3000","service":"user-service"}
{"level":"info","message":"MongoDB connected ac-tfkjsyo-shard-00-00.yc91oti.mongodb.net","service":"user-service"}
{"level":"info","message":"Buddy Nickname Project running on port 3000","service":"user-service"}
{"level":"info","message":"MongoDB connected ac-tfkjsyo-shard-00-00.yc91oti.mongodb.net","service":"user-service"}
{"level":"info","message":"Buddy Nickname Project running on port 3000","service":"user-service"}
{"level":"info","message":"MongoDB connected ac-tfkjsyo-shard-00-02.yc91oti.mongodb.net","service":"user-service"}
{"level":"info","message":"Buddy Nickname Project running on port 3000","service":"user-service"}
{"level":"info","message":"MongoDB connected ac-tfkjsyo-shard-00-01.yc91oti.mongodb.net","service":"user-service"}
{"level":"info","message":"Buddy Nickname Project running on port 3000","service":"user-service"}
{"level":"info","message":"MongoDB connected ac-tfkjsyo-shard-00-00.yc91oti.mongodb.net","service":"user-service"}
{"level":"info","message":"Buddy Nickname Project running on port 3000","service":"user-service"}
{"level":"info","message":"MongoDB connected ac-tfkjsyo-shard-00-01.yc91oti.mongodb.net","service":"user-service"}
{"level":"info","message":"Buddy Nickname Project running on port 3000","service":"user-service"}
{"level":"info","message":"MongoDB connected ac-tfkjsyo-shard-00-02.yc91oti.mongodb.net","service":"user-service"}
{"level":"info","message":"Buddy Nickname Project running on port 3000","service":"user-service"}
{"level":"info","message":"MongoDB connected ac-tfkjsyo-shard-00-00.yc91oti.mongodb.net","service":"user-service"}
{"level":"info","message":"Buddy Nickname Project running on port 3000","service":"user-service"}
{"level":"info","message":"MongoDB connected ac-tfkjsyo-shard-00-01.yc91oti.mongodb.net","service":"user-service"}
{"level":"info","message":"Buddy Nickname Project running on port 3000","service":"user-service"}
{"level":"info","message":"MongoDB connected ac-tfkjsyo-shard-00-02.yc91oti.mongodb.net","service":"user-service"}
{"level":"info","message":"Buddy Nickname Project running on port 3000","service":"user-service"}
{"level":"info","message":"MongoDB connected ac-tfkjsyo-shard-00-00.yc91oti.mongodb.net","service":"user-service"}
{"level":"info","message":"Buddy Nickname Project running on port 3000","service":"user-service"}
{"level":"info","message":"MongoDB connected ac-tfkjsyo-shard-00-01.yc91oti.mongodb.net","service":"user-service"}
{"level":"info","message":"Buddy Nickname Project running on port 3000","service":"user-service"}
{"level":"info","message":"MongoDB connected ac-tfkjsyo-shard-00-02.yc91oti.mongodb.net","service":"user-service"}
{"level":"info","message":"Buddy Nickname Project running on port 3000","service":"user-service"}
{"level":"info","message":"MongoDB connected ac-tfkjsyo-shard-00-00.yc91oti.mongodb.net","service":"user-service"}
{"level":"info","message":"Buddy Nickname Project running on port 3000","service":"user-service"}
{"level":"info","message":"MongoDB connected ac-tfkjsyo-shard-00-01.yc91oti.mongodb.net","service":"user-service"}
{"level":"info","message":"Buddy Nickname Project running on port 3000","service":"user-service"}
{"level":"info","message":"MongoDB connected ac-tfkjsyo-shard-00-02.yc91oti.mongodb.net","service":"user-service"}
{"level":"info","message":"Buddy Nickname Project running on port 3000","service":"user-service"}
{"level":"info","message":"MongoDB connected ac-tfkjsyo-shard-00-00.yc91oti.mongodb.net","service":"user-service"}
{"level":"info","message":"Buddy Nickname Project running on port 3000","service":"user-service"}
{"level":"info","message":"MongoDB connected ac-tfkjsyo-shard-00-01.yc91oti.mongodb.net","service":"user-service"}
{"level":"info","message":"Buddy Nickname Project running on port 3000","service":"user-service"}
{"level":"info","message":"MongoDB connected ac-tfkjsyo-shard-00-00.yc91oti.mongodb.net","service":"user-service"}
{"level":"info","message":"Buddy Nickname Project running on port 3000","service":"user-service"}
{"level":"info","message":"MongoDB connected ac-tfkjsyo-shard-00-02.yc91oti.mongodb.net","service":"user-service"}
{"level":"info","message":"Buddy Nickname Project running on port 3000","service":"user-service"}
{"level":"info","message":"Buddy Nickname Project running on port 3000","service":"user-service"}
{"level":"info","message":"MongoDB connected ac-tfkjsyo-shard-00-00.yc91oti.mongodb.net","service":"user-service"}
{"level":"info","message":"MongoDB connected ac-tfkjsyo-shard-00-00.yc91oti.mongodb.net","service":"user-service"}
{"level":"debug","message":"Fetching all buddies from database","service":"user-service"}
{"level":"warn","message":"Buddy already exist : 7","service":"user-service"}
{"level":"info","message":"Buddy Nickname Project running on port 3000","service":"user-service"}
{"level":"info","message":"Buddy Nickname Project running on port 3000","service":"user-service"}
{"level":"info","message":"MongoDB connected ac-tfkjsyo-shard-00-00.yc91oti.mongodb.net","service":"user-service"}
{"level":"info","message":"MongoDB connected ac-tfkjsyo-shard-00-00.yc91oti.mongodb.net","service":"user-service"}
{"level":"warn","message":"Buddy already exist : 7","service":"user-service"}
{"level":"info","message":"Buddy Nickname Project running on port 3000","service":"user-service"}
{"level":"info","message":"Buddy Nickname Project running on port 3000","service":"user-service"}
{"level":"info","message":"MongoDB connected ac-tfkjsyo-shard-00-02.yc91oti.mongodb.net","service":"user-service"}
{"level":"info","message":"MongoDB connected ac-tfkjsyo-shard-00-02.yc91oti.mongodb.net","service":"user-service"}
{"level":"info","message":"Buddy Nickname Project running on port 3000","service":"user-service"}
{"level":"info","message":"Buddy Nickname Project running on port 3000","service":"user-service"}
{"level":"info","message":"MongoDB connected ac-tfkjsyo-shard-00-00.yc91oti.mongodb.net","service":"user-service"}
{"level":"info","message":"MongoDB connected ac-tfkjsyo-shard-00-00.yc91oti.mongodb.net","service":"user-service"}
{"level":"debug","message":"Fetching all buddies from database","service":"user-service"}
{"level":"info","message":"Buddy Nickname Project running on port 3000","service":"user-service"}
{"level":"info","message":"Buddy Nickname Project running on port 3000","service":"user-service"}
{"level":"info","message":"MongoDB connected ac-tfkjsyo-shard-00-02.yc91oti.mongodb.net","service":"user-service"}
{"level":"info","message":"MongoDB connected ac-tfkjsyo-shard-00-02.yc91oti.mongodb.net","service":"user-service"}
{"level":"warn","message":"Buddy already exist : 7","service":"user-service"}
{"level":"info","message":"Buddy Nickname Project running on port 3000","service":"user-service"}
{"level":"info","message":"Buddy Nickname Project running on port 3000","service":"user-service"}
{"level":"info","message":"MongoDB connected ac-tfkjsyo-shard-00-02.yc91oti.mongodb.net","service":"user-service"}
{"level":"info","message":"MongoDB connected ac-tfkjsyo-shard-00-02.yc91oti.mongodb.net","service":"user-service"}
{"level":"info","message":"Buddy Nickname Project running on port 3000","service":"user-service"}
{"level":"info","message":"Buddy Nickname Project running on port 3000","service":"user-service"}
{"level":"info","message":"MongoDB connected ac-tfkjsyo-shard-00-01.yc91oti.mongodb.net","service":"user-service"}
{"level":"info","message":"MongoDB connected ac-tfkjsyo-shard-00-01.yc91oti.mongodb.net","service":"user-service"}
{"level":"debug","message":"Fetching all buddies from database","service":"user-service"}
{"level":"warn","message":"Buddy already exist : 1","service":"user-service"}
{"level":"info","message":"Buddy Nickname Project running on port 3000","service":"user-service"}
{"level":"info","message":"Buddy Nickname Project running on port 3000","service":"user-service"}
{"level":"info","message":"MongoDB connected ac-tfkjsyo-shard-00-00.yc91oti.mongodb.net","service":"user-service"}
{"level":"info","message":"MongoDB connected ac-tfkjsyo-shard-00-00.yc91oti.mongodb.net","service":"user-service"}
{"level":"debug","message":"Fetching all buddies from database","service":"user-service"}
{"level":"warn","message":"Buddy already exist : 2","service":"user-service"}
{"level":"info","message":"Buddy Nickname Project running on port 3000","service":"user-service"}
{"level":"info","message":"Buddy Nickname Project running on port 3000","service":"user-service"}
{"level":"info","message":"MongoDB connected ac-tfkjsyo-shard-00-01.yc91oti.mongodb.net","service":"user-service"}
{"level":"info","message":"MongoDB connected ac-tfkjsyo-shard-00-01.yc91oti.mongodb.net","service":"user-service"}
{"level":"info","message":"Buddy Nickname Project running on port 3000","service":"user-service"}
{"level":"info","message":"Buddy Nickname Project running on port 3000","service":"user-service"}
{"level":"info","message":"MongoDB connected ac-tfkjsyo-shard-00-00.yc91oti.mongodb.net","service":"user-service"}
{"level":"info","message":"MongoDB connected ac-tfkjsyo-shard-00-00.yc91oti.mongodb.net","service":"user-service"}
{"level":"info","message":"Buddy Nickname Project running on port 3000","service":"user-service"}
{"level":"info","message":"Buddy Nickname Project running on port 3000","service":"user-service"}
{"level":"info","message":"MongoDB connected ac-tfkjsyo-shard-00-01.yc91oti.mongodb.net","service":"user-service"}
{"level":"info","message":"MongoDB connected ac-tfkjsyo-shard-00-01.yc91oti.mongodb.net","service":"user-service"}
{"level":"info","message":"Buddy Nickname Project running on port 3000","service":"user-service"}
{"level":"info","message":"Buddy Nickname Project running on port 3000","service":"user-service"}
{"level":"info","message":"MongoDB connected ac-tfkjsyo-shard-00-02.yc91oti.mongodb.net","service":"user-service"}
{"level":"info","message":"MongoDB connected ac-tfkjsyo-shard-00-02.yc91oti.mongodb.net","service":"user-service"}
{"level":"info","message":"Buddy Nickname Project running on port 3000","service":"user-service"}
{"level":"info","message":"Buddy Nickname Project running on port 3000","service":"user-service"}
{"level":"info","message":"MongoDB connected ac-tfkjsyo-shard-00-00.yc91oti.mongodb.net","service":"user-service"}
{"level":"info","message":"MongoDB connected ac-tfkjsyo-shard-00-00.yc91oti.mongodb.net","service":"user-service"}
{"level":"info","message":"Buddy Nickname Project running on port 3000","service":"user-service"}
{"level":"info","message":"Buddy Nickname Project running on port 3000","service":"user-service"}
{"level":"info","message":"MongoDB connected ac-tfkjsyo-shard-00-01.yc91oti.mongodb.net","service":"user-service"}
{"level":"info","message":"MongoDB connected ac-tfkjsyo-shard-00-01.yc91oti.mongodb.net","service":"user-service"}
{"level":"info","message":"Buddy Nickname Project running on port 3000","service":"user-service"}
{"level":"info","message":"Buddy Nickname Project running on port 3000","service":"user-service"}
{"level":"info","message":"MongoDB connected ac-tfkjsyo-shard-00-01.yc91oti.mongodb.net","service":"user-service"}
{"level":"info","message":"MongoDB connected ac-tfkjsyo-shard-00-01.yc91oti.mongodb.net","service":"user-service"}
{"level":"info","message":"Buddy Nickname Project running on port 3000","service":"user-service"}
{"level":"info","message":"Buddy Nickname Project running on port 3000","service":"user-service"}
{"level":"info","message":"MongoDB connected ac-tfkjsyo-shard-00-02.yc91oti.mongodb.net","service":"user-service"}
{"level":"info","message":"MongoDB connected ac-tfkjsyo-shard-00-02.yc91oti.mongodb.net","service":"user-service"}
{"level":"info","message":"Buddy Nickname Project running on port 3000","service":"user-service"}
{"level":"info","message":"Buddy Nickname Project running on port 3000","service":"user-service"}
{"level":"info","message":"MongoDB connected ac-tfkjsyo-shard-00-01.yc91oti.mongodb.net","service":"user-service"}
{"level":"info","message":"MongoDB connected ac-tfkjsyo-shard-00-01.yc91oti.mongodb.net","service":"user-service"}
{"level":"info","message":"Buddy Nickname Project running on port 3000","service":"user-service"}
{"level":"info","message":"Buddy Nickname Project running on port 3000","service":"user-service"}
{"level":"info","message":"MongoDB connected ac-tfkjsyo-shard-00-01.yc91oti.mongodb.net","service":"user-service"}
{"level":"info","message":"MongoDB connected ac-tfkjsyo-shard-00-01.yc91oti.mongodb.net","service":"user-service"}
{"level":"info","message":"Buddy Nickname Project running on port 3000","service":"user-service"}
{"level":"info","message":"Buddy Nickname Project running on port 3000","service":"user-service"}
{"level":"info","message":"MongoDB connected ac-tfkjsyo-shard-00-02.yc91oti.mongodb.net","service":"user-service"}
{"level":"info","message":"MongoDB connected ac-tfkjsyo-shard-00-02.yc91oti.mongodb.net","service":"user-service"}
{"level":"info","message":"Buddy Nickname Project running on port 3000","service":"user-service"}
{"level":"info","message":"Buddy Nickname Project running on port 3000","service":"user-service"}
{"level":"info","message":"MongoDB connected ac-tfkjsyo-shard-00-01.yc91oti.mongodb.net","service":"user-service"}
{"level":"info","message":"MongoDB connected ac-tfkjsyo-shard-00-01.yc91oti.mongodb.net","service":"user-service"}
{"level":"info","message":"Buddy Nickname Project running on port 3000","service":"user-service"}
{"level":"info","message":"Buddy Nickname Project running on port 3000","service":"user-service"}
{"level":"info","message":"MongoDB connected ac-tfkjsyo-shard-00-01.yc91oti.mongodb.net","service":"user-service"}
{"level":"info","message":"MongoDB connected ac-tfkjsyo-shard-00-01.yc91oti.mongodb.net","service":"user-service"}
{"level":"info","message":"Buddy Nickname Project running on port 3000","service":"user-service"}
{"level":"info","message":"Buddy Nickname Project running on port 3000","service":"user-service"}
{"level":"info","message":"MongoDB connected ac-tfkjsyo-shard-00-02.yc91oti.mongodb.net","service":"user-service"}
{"level":"info","message":"MongoDB connected ac-tfkjsyo-shard-00-02.yc91oti.mongodb.net","service":"user-service"}
{"level":"info","message":"Buddy Nickname Project running on port 3000","service":"user-service"}
{"level":"info","message":"Buddy Nickname Project running on port 3000","service":"user-service"}
{"level":"info","message":"MongoDB connected ac-tfkjsyo-shard-00-01.yc91oti.mongodb.net","service":"user-service"}
{"level":"info","message":"MongoDB connected ac-tfkjsyo-shard-00-01.yc91oti.mongodb.net","service":"user-service"}
{"level":"info","message":"Buddy Nickname Project running on port 3000","service":"user-service"}
{"level":"info","message":"Buddy Nickname Project running on port 3000","service":"user-service"}
{"level":"info","message":"MongoDB connected ac-tfkjsyo-shard-00-00.yc91oti.mongodb.net","service":"user-service"}
{"level":"info","message":"MongoDB connected ac-tfkjsyo-shard-00-00.yc91oti.mongodb.net","service":"user-service"}
{"level":"info","message":"Buddy Nickname Project running on port 3000","service":"user-service"}
{"level":"info","message":"Buddy Nickname Project running on port 3000","service":"user-service"}
{"level":"info","message":"MongoDB connected ac-tfkjsyo-shard-00-01.yc91oti.mongodb.net","service":"user-service"}
{"level":"info","message":"MongoDB connected ac-tfkjsyo-shard-00-01.yc91oti.mongodb.net","service":"user-service"}
{"level":"info","message":"Buddy Nickname Project running on port 3000","service":"user-service"}
{"level":"info","message":"Buddy Nickname Project running on port 3000","service":"user-service"}
{"level":"info","message":"MongoDB connected ac-tfkjsyo-shard-00-00.yc91oti.mongodb.net","service":"user-service"}
{"level":"info","message":"MongoDB connected ac-tfkjsyo-shard-00-00.yc91oti.mongodb.net","service":"user-service"}
{"level":"info","message":"Buddy Nickname Project running on port 3000","service":"user-service"}
{"level":"info","message":"Buddy Nickname Project running on port 3000","service":"user-service"}
{"level":"info","message":"MongoDB connected ac-tfkjsyo-shard-00-02.yc91oti.mongodb.net","service":"user-service"}
{"level":"info","message":"MongoDB connected ac-tfkjsyo-shard-00-02.yc91oti.mongodb.net","service":"user-service"}
{"level":"info","message":"Buddy Nickname Project running on port 3000","service":"user-service"}
{"level":"info","message":"Buddy Nickname Project running on port 3000","service":"user-service"}
{"level":"info","message":"MongoDB connected ac-tfkjsyo-shard-00-00.yc91oti.mongodb.net","service":"user-service"}
{"level":"info","message":"MongoDB connected ac-tfkjsyo-shard-00-00.yc91oti.mongodb.net","service":"user-service"}
{"level":"info","message":"Buddy Nickname Project running on port 3000","service":"user-service"}
{"level":"info","message":"Buddy Nickname Project running on port 3000","service":"user-service"}
{"level":"info","message":"MongoDB connected ac-tfkjsyo-shard-00-01.yc91oti.mongodb.net","service":"user-service"}
{"level":"info","message":"MongoDB connected ac-tfkjsyo-shard-00-01.yc91oti.mongodb.net","service":"user-service"}
{"level":"info","message":"Buddy Nickname Project running on port 3000","service":"user-service"}
{"level":"info","message":"Buddy Nickname Project running on port 3000","service":"user-service"}
{"level":"info","message":"MongoDB connected ac-tfkjsyo-shard-00-01.yc91oti.mongodb.net","service":"user-service"}
{"level":"info","message":"MongoDB connected ac-tfkjsyo-shard-00-01.yc91oti.mongodb.net","service":"user-service"}
{"level":"info","message":"Buddy Nickname Project running on port 3000","service":"user-service"}
{"level":"info","message":"Buddy Nickname Project running on port 3000","service":"user-service"}
{"level":"info","message":"MongoDB connected ac-tfkjsyo-shard-00-02.yc91oti.mongodb.net","service":"user-service"}
{"level":"info","message":"MongoDB connected ac-tfkjsyo-shard-00-02.yc91oti.mongodb.net","service":"user-service"}
{"level":"info","message":"Buddy Nickname Project running on port 3000","service":"user-service"}
{"level":"info","message":"Buddy Nickname Project running on port 3000","service":"user-service"}
{"level":"info","message":"MongoDB connected ac-tfkjsyo-shard-00-01.yc91oti.mongodb.net","service":"user-service"}
{"level":"info","message":"MongoDB connected ac-tfkjsyo-shard-00-01.yc91oti.mongodb.net","service":"user-service"}
{"level":"info","message":"Buddy Nickname Project running on port 3000","service":"user-service"}
{"level":"info","message":"Buddy Nickname Project running on port 3000","service":"user-service"}
{"level":"info","message":"MongoDB connected ac-tfkjsyo-shard-00-00.yc91oti.mongodb.net","service":"user-service"}
{"level":"info","message":"MongoDB connected ac-tfkjsyo-shard-00-00.yc91oti.mongodb.net","service":"user-service"}
{"level":"info","message":"Buddy Nickname Project running on port 3000","service":"user-service"}
{"level":"info","message":"Buddy Nickname Project running on port 3000","service":"user-service"}
{"level":"info","message":"MongoDB connected ac-tfkjsyo-shard-00-02.yc91oti.mongodb.net","service":"user-service"}
{"level":"info","message":"MongoDB connected ac-tfkjsyo-shard-00-02.yc91oti.mongodb.net","service":"user-service"}
{"level":"info","message":"Buddy Nickname Project running on port 3000","service":"user-service"}
{"level":"info","message":"Buddy Nickname Project running on port 3000","service":"user-service"}
{"level":"info","message":"MongoDB connected ac-tfkjsyo-shard-00-01.yc91oti.mongodb.net","service":"user-service"}
{"level":"info","message":"MongoDB connected ac-tfkjsyo-shard-00-01.yc91oti.mongodb.net","service":"user-service"}
{"level":"info","message":"Buddy Nickname Project running on port 3000","service":"user-service"}
{"level":"info","message":"Buddy Nickname Project running on port 3000","service":"user-service"}
{"level":"info","message":"MongoDB connected ac-tfkjsyo-shard-00-00.yc91oti.mongodb.net","service":"user-service"}
{"level":"info","message":"MongoDB connected ac-tfkjsyo-shard-00-00.yc91oti.mongodb.net","service":"user-service"}
{"level":"info","message":"Buddy Nickname Project running on port 3000","service":"user-service"}
{"level":"info","message":"Buddy Nickname Project running on port 3000","service":"user-service"}
{"level":"info","message":"MongoDB connected ac-tfkjsyo-shard-00-02.yc91oti.mongodb.net","service":"user-service"}
{"level":"info","message":"MongoDB connected ac-tfkjsyo-shard-00-02.yc91oti.mongodb.net","service":"user-service"}
{"level":"info","message":"Buddy Nickname Project running on port 3000","service":"user-service"}
{"level":"info","message":"Buddy Nickname Project running on port 3000","service":"user-service"}
{"level":"info","message":"MongoDB connected ac-tfkjsyo-shard-00-00.yc91oti.mongodb.net","service":"user-service"}
{"level":"info","message":"MongoDB connected ac-tfkjsyo-shard-00-00.yc91oti.mongodb.net","service":"user-service"}
{"level":"info","message":"Buddy Nickname Project running on port 3000","service":"user-service"}
{"level":"info","message":"Buddy Nickname Project running on port 3000","service":"user-service"}
{"level":"info","message":"MongoDB connected ac-tfkjsyo-shard-00-01.yc91oti.mongodb.net","service":"user-service"}
{"level":"info","message":"MongoDB connected ac-tfkjsyo-shard-00-01.yc91oti.mongodb.net","service":"user-service"}
{"level":"info","message":"Buddy Nickname Project running on port 3000","service":"user-service"}
{"level":"info","message":"Buddy Nickname Project running on port 3000","service":"user-service"}
{"level":"info","message":"MongoDB connected ac-tfkjsyo-shard-00-02.yc91oti.mongodb.net","service":"user-service"}
{"level":"info","message":"MongoDB connected ac-tfkjsyo-shard-00-02.yc91oti.mongodb.net","service":"user-service"}
{"level":"info","message":"Buddy Nickname Project running on port 3000","service":"user-service"}
{"level":"info","message":"Buddy Nickname Project running on port 3000","service":"user-service"}
{"level":"info","message":"MongoDB connected ac-tfkjsyo-shard-00-01.yc91oti.mongodb.net","service":"user-service"}
{"level":"info","message":"MongoDB connected ac-tfkjsyo-shard-00-01.yc91oti.mongodb.net","service":"user-service"}
{"level":"info","message":"Buddy Nickname Project running on port 3000","service":"user-service"}
{"level":"info","message":"Buddy Nickname Project running on port 3000","service":"user-service"}
{"level":"info","message":"MongoDB connected ac-tfkjsyo-shard-00-00.yc91oti.mongodb.net","service":"user-service"}
{"level":"info","message":"MongoDB connected ac-tfkjsyo-shard-00-00.yc91oti.mongodb.net","service":"user-service"}
{"level":"info","message":"Successfully created buddy: 4","service":"user-service"}
{"level":"info","message":"Successfully created buddy: 5","service":"user-service"}
{"level":"info","message":"Successfully created buddy: 1","service":"user-service"}
{"level":"debug","message":"Fetching all buddies from database","service":"user-service"}
{"level":"debug","message":"Fetching all buddies from database","service":"user-service"}
{"level":"debug","message":"Fetching all buddies from database","service":"user-service"}
{"level":"debug","message":"Fetching all buddies from database","service":"user-service"}
{"level":"debug","message":"Fetching all buddies from database","service":"user-service"}
{"level":"info","message":"Buddy Nickname Project running on port 3000","service":"user-service"}
{"level":"info","message":"Buddy Nickname Project running on port 3000","service":"user-service"}
{"level":"info","message":"MongoDB connected ac-tfkjsyo-shard-00-01.yc91oti.mongodb.net","service":"user-service"}
{"level":"info","message":"MongoDB connected ac-tfkjsyo-shard-00-01.yc91oti.mongodb.net","service":"user-service"}
{"level":"debug","message":"Fetching all buddies from database","service":"user-service"}
{"level":"info","message":"Successfully created buddy: 3","service":"user-service"}
{"level":"warn","message":"Buddy already exist : 5","service":"user-service"}
{"level":"info","message":"Buddy Nickname Project running on port 3000","service":"user-service"}
{"level":"info","message":"MongoDB connected ac-tfkjsyo-shard-00-00.yc91oti.mongodb.net","service":"user-service"}
{"level":"info","message":"Successfully created buddy: 8","service":"user-service"}
{"level":"warn","message":"Buddy already exist : 8","service":"user-service"}
{"level":"info","message":"Buddy Nickname Project running on port 3000","service":"user-service"}
{"level":"info","message":"MongoDB connected ac-tfkjsyo-shard-00-00.yc91oti.mongodb.net","service":"user-service"}
{"level":"info","message":"Successfully created buddy: 600","service":"user-service"}
{"level":"info","message":"Successfully created buddy: 800","service":"user-service"}
{"level":"warn","message":"Buddy already exist : 8","service":"user-service"}
{"level":"info","message":"Buddy Nickname Project running on port 3000","service":"user-service"}
{"level":"debug","message":"Fetching all buddies from database","service":"user-service"}
{"level":"info","message":"MongoDB connected ac-tfkjsyo-shard-00-00.yc91oti.mongodb.net","service":"user-service"}
{"level":"debug","message":"Fetching all buddies from database","service":"user-service"}
{"level":"debug","message":"Fetching all buddies from database","service":"user-service"}
{"level":"info","message":"Successfully created buddy: 6","service":"user-service"}
{"level":"debug","message":"Fetching all buddies from database","service":"user-service"}
{"level":"info","message":"Buddy Nickname Project running on port 3000","service":"user-service"}
{"level":"info","message":"MongoDB connected ac-tfkjsyo-shard-00-00.yc91oti.mongodb.net","service":"user-service"}
{"level":"debug","message":"Fetching all buddies from database","service":"user-service"}
{"level":"info","message":"Buddy Nickname Project running on port 3000","service":"user-service"}
{"level":"debug","message":"Fetching all buddies from database","service":"user-service"}
{"level":"debug","message":"Fetching all buddies from database","service":"user-service"}
{"level":"info","message":"Buddy Nickname Project running on port 3000","service":"user-service"}
{"level":"debug","message":"Fetching all buddies from database","service":"user-service"}
{"level":"info","message":"MongoDB connected ac-tfkjsyo-shard-00-00.yc91oti.mongodb.net","service":"user-service"}
{"level":"info","message":"Buddy Nickname Project running on port 3000","service":"user-service"}
{"level":"info","message":"MongoDB connected ac-tfkjsyo-shard-00-00.yc91oti.mongodb.net","service":"user-service"}
{"level":"debug","message":"Fetching all buddies from database","service":"user-service"}
{"level":"info","message":"Buddy Nickname Project running on port 3000","service":"user-service"}
{"level":"info","message":"MongoDB connected ac-tfkjsyo-shard-00-00.yc91oti.mongodb.net","service":"user-service"}
{"level":"info","message":"Buddy Nickname Project running on port 3000","service":"user-service"}
{"level":"info","message":"MongoDB connected ac-tfkjsyo-shard-00-00.yc91oti.mongodb.net","service":"user-service"}
{"level":"info","message":"Buddy Nickname Project running on port 3000","service":"user-service"}
{"level":"info","message":"MongoDB connected ac-tfkjsyo-shard-00-00.yc91oti.mongodb.net","service":"user-service"}
{"level":"warn","message":"Buddy already exist : 6","service":"user-service"}
{"level":"error","message":"400-Buddy already exist.","service":"user-service"}
{"level":"warn","message":"Buddy already exist : 6","service":"user-service"}
{"level":"error","message":"400-Buddy already exist.","service":"user-service"}
{"level":"error","message":"Buddy with 78 doesn't not found","service":"user-service"}
{"level":"error","message":"400-Buddy doesn't exist","service":"user-service"}
{"level":"debug","message":"Fetching all buddies from database","service":"user-service"}
{"level":"error","message":"Buddy with 78 doesn't not found","service":"user-service"}
{"level":"error","message":"400-Buddy doesn't exist","service":"user-service"}
{"level":"error","message":"Buddy with 78 doesn't not found","service":"user-service"}
{"level":"error","message":"400-Buddy doesn't exist","service":"user-service"}
{"level":"debug","message":"Fetching all buddies from database","service":"user-service"}
{"level":"error","message":"500-Cannot access 'buddy' before initialization","service":"user-service"}
{"level":"info","message":"Buddy Nickname Project running on port 3000","service":"user-service"}
{"level":"info","message":"MongoDB connected ac-tfkjsyo-shard-00-00.yc91oti.mongodb.net","service":"user-service"}
{"level":"error","message":"500-Cannot access 'buddy' before initialization","service":"user-service"}
{"level":"info","message":"Buddy Nickname Project running on port 3000","service":"user-service"}
{"level":"info","message":"MongoDB connected ac-tfkjsyo-shard-00-00.yc91oti.mongodb.net","service":"user-service"}
{"level":"info","message":"Buddy Nickname Project running on port 3000","service":"user-service"}
{"level":"info","message":"MongoDB connected ac-tfkjsyo-shard-00-00.yc91oti.mongodb.net","service":"user-service"}
{"level":"error","message":"500-Cast to date failed for value \"18/08/2004\" (type string) at path \"dob\"","service":"user-service"}
{"level":"info","message":"Buddy Nickname Project running on port 3000","service":"user-service"}
{"level":"info","message":"MongoDB connected ac-tfkjsyo-shard-00-00.yc91oti.mongodb.net","service":"user-service"}
{"level":"info","message":"Buddy Nickname Project running on port 3000","service":"user-service"}
{"level":"info","message":"MongoDB connected ac-tfkjsyo-shard-00-00.yc91oti.mongodb.net","service":"user-service"}
{"level":"info","message":"Buddy Nickname Project running on port 3000","service":"user-service"}
{"level":"info","message":"Buddy Nickname Project running on port 3000","service":"user-service"}
{"level":"info","message":"MongoDB connected ac-tfkjsyo-shard-00-00.yc91oti.mongodb.net","service":"user-service"}
{"level":"error","message":"500-Cast to date failed for value \"18/08/2004\" (type string) at path \"dob\"","service":"user-service"}
{"level":"info","message":"Buddy Nickname Project running on port 3000","service":"user-service"}
{"level":"info","message":"MongoDB connected ac-tfkjsyo-shard-00-00.yc91oti.mongodb.net","service":"user-service"}
{"level":"error","message":"500-Cast to date failed for value \"18/08/2004\" (type string) at path \"dob\"","service":"user-service"}
{"level":"info","message":"Buddy Nickname Project running on port 3000","service":"user-service"}
{"level":"info","message":"MongoDB connected ac-tfkjsyo-shard-00-00.yc91oti.mongodb.net","service":"user-service"}
{"level":"info","message":"Buddy Nickname Project running on port 3000","service":"user-service"}
{"level":"info","message":"MongoDB connected ac-tfkjsyo-shard-00-00.yc91oti.mongodb.net","service":"user-service"}
{"level":"info","message":"Buddy Nickname Project running on port 3000","service":"user-service"}
{"level":"info","message":"MongoDB connected ac-tfkjsyo-shard-00-00.yc91oti.mongodb.net","service":"user-service"}
{"level":"info","message":"Buddy Nickname Project running on port 3000","service":"user-service"}
{"level":"info","message":"MongoDB connected ac-tfkjsyo-shard-00-00.yc91oti.mongodb.net","service":"user-service"}
{"level":"error","message":"500-Parameter \"filter\" to findOneAndUpdate() must be an object, got \"8\" (type string)","service":"user-service"}
{"level":"info","message":"Buddy Nickname Project running on port 3000","service":"user-service"}
{"level":"info","message":"MongoDB connected ac-tfkjsyo-shard-00-00.yc91oti.mongodb.net","service":"user-service"}
{"level":"error","message":"500-Cast to date failed for value \"18/08/2004\" (type string) at path \"dob\"","service":"user-service"}
{"level":"info","message":"Buddy Nickname Project running on port 3000","service":"user-service"}
{"level":"info","message":"MongoDB connected ac-tfkjsyo-shard-00-00.yc91oti.mongodb.net","service":"user-service"}
{"level":"error","message":"500-Cast to date failed for value \"Invalid Date\" (type Date) at path \"dob\"","service":"user-service"}
{"level":"error","message":"500-Cast to date failed for value \"Invalid Date\" (type Date) at path \"dob\"","service":"user-service"}
{"level":"info","message":"Buddy Nickname Project running on port 3000","service":"user-service"}
{"level":"info","message":"MongoDB connected ac-tfkjsyo-shard-00-00.yc91oti.mongodb.net","service":"user-service"}
{"level":"info","message":"Buddy Nickname Project running on port 3000","service":"user-service"}
{"level":"info","message":"MongoDB connected ac-tfkjsyo-shard-00-00.yc91oti.mongodb.net","service":"user-service"}
{"level":"info","message":"Buddy Nickname Project running on port 3000","service":"user-service"}
{"level":"info","message":"MongoDB connected ac-tfkjsyo-shard-00-00.yc91oti.mongodb.net","service":"user-service"}
{"level":"info","message":"Buddy Nickname Project running on port 3000","service":"user-service"}
{"level":"info","message":"MongoDB connected ac-tfkjsyo-shard-00-00.yc91oti.mongodb.net","service":"user-service"}
{"level":"error","message":"500-Cast to date failed for value \"Invalid Date\" (type Date) at path \"dob\"","service":"user-service"}
{"level":"debug","message":"Buddy id : 8.Updated successfully.","service":"user-service"}
{"level":"debug","message":"Buddy id : 8.Updated successfully.","service":"user-service"}
{"level":"debug","message":"Buddy id : 8.Updated successfully.","service":"user-service"}
{"level":"debug","message":"Buddy id : 8.Updated successfully.","service":"user-service"}
{"level":"error","message":"500-Cast to date failed for value \"Invalid Date\" (type Date) at path \"dob\"","service":"user-service"}
{"level":"info","message":"Buddy Nickname Project running on port 3000","service":"user-service"}
{"level":"info","message":"MongoDB connected ac-tfkjsyo-shard-00-00.yc91oti.mongodb.net","service":"user-service"}
{"level":"debug","message":"Buddy id : 8.Updated successfully.","service":"user-service"}
{"level":"info","message":"Successfully created buddy: 0","service":"user-service"}
{"level":"debug","message":"Fetching all buddies from database","service":"user-service"}
{"level":"info","message":"Deleted buddy with ID: 9","service":"user-service"}
{"level":"info","message":"Buddy Nickname Project running on port 3000","service":"user-service"}
{"level":"info","message":"MongoDB connected ac-tfkjsyo-shard-00-00.yc91oti.mongodb.net","service":"user-service"}
{"level":"info","message":"Buddy Nickname Project running on port 3000","service":"user-service"}
{"level":"info","message":"MongoDB connected ac-tfkjsyo-shard-00-00.yc91oti.mongodb.net","service":"user-service"}
{"level":"info","message":"Buddy Nickname Project running on port 3000","service":"user-service"}
{"level":"info","message":"MongoDB connected ac-tfkjsyo-shard-00-00.yc91oti.mongodb.net","service":"user-service"}
{"level":"info","message":"Buddy Nickname Project running on port 3000","service":"user-service"}
{"level":"info","message":"MongoDB connected ac-tfkjsyo-shard-00-00.yc91oti.mongodb.net","service":"user-service"}
{"level":"info","message":"Buddy Nickname Project running on port 3000","service":"user-service"}
{"level":"info","message":"MongoDB connected ac-tfkjsyo-shard-00-00.yc91oti.mongodb.net","service":"user-service"}
{"level":"error","message":"Buddy with 9 doesn't not found","service":"user-service"}
{"level":"error","message":"400-Buddy doesn't exist","service":"user-service"}
{"level":"info","message":"Deleted buddy with ID: 0","service":"user-service"}
{"level":"debug","message":"Fetching buddy with query : undefined","service":"user-service"}
{"level":"error","message":"500-id is not defined","service":"user-service"}
{"level":"debug","message":"Fetching all buddies from database","service":"user-service"}
{"level":"debug","message":"Fetching buddy with query : undefined","service":"user-service"}
{"level":"error","message":"500-id is not defined","service":"user-service"}
{"level":"info","message":"Buddy Nickname Project running on port 3000","service":"user-service"}
{"level":"info","message":"MongoDB connected ac-tfkjsyo-shard-00-00.yc91oti.mongodb.net","service":"user-service"}
{"level":"debug","message":"Fetching buddy with query : susi","service":"user-service"}
{"level":"error","message":"500-Cast to Number failed for value \"susi\" (type string) at path \"employeeId\" for model \"User\"","service":"user-service"}
{"level":"debug","message":"Fetching buddy with query : 800","service":"user-service"}
{"level":"info","message":"Buddy found:susi (800)","service":"user-service"}
{"level":"debug","message":"Fetching buddy with query : susi","service":"user-service"}
{"level":"error","message":"500-Cast to Number failed for value \"susi\" (type string) at path \"employeeId\" for model \"User\"","service":"user-service"}
{"level":"debug","message":"Fetching buddy with query : susi","service":"user-service"}
{"level":"error","message":"500-Cast to Number failed for value \"susi\" (type string) at path \"employeeId\" for model \"User\"","service":"user-service"}
{"level":"info","message":"Successfully created buddy: 0","service":"user-service"}
{"level":"debug","message":"Fetching all buddies from database","service":"user-service"}
{"level":"error","message":"500-Cast to Number failed for value \"hi\" (type string) at path \"employeeId\" for model \"User\"","service":"user-service"}
{"level":"info","message":"Buddy Nickname Project running on port 3000","service":"user-service"}
{"level":"info","message":"Buddy Nickname Project running on port 3000","service":"user-service"}
{"level":"info","message":"MongoDB connected ac-tfkjsyo-shard-00-00.yc91oti.mongodb.net","service":"user-service"}
{"level":"info","message":"Buddy Nickname Project running on port 3000","service":"user-service"}
{"level":"info","message":"MongoDB connected ac-tfkjsyo-shard-00-00.yc91oti.mongodb.net","service":"user-service"}
{"level":"info","message":"Buddy Nickname Project running on port 3000","service":"user-service"}
{"level":"info","message":"MongoDB connected ac-tfkjsyo-shard-00-00.yc91oti.mongodb.net","service":"user-service"}
{"level":"info","message":"Buddy Nickname Project running on port 3000","service":"user-service"}
{"level":"info","message":"MongoDB connected ac-tfkjsyo-shard-00-00.yc91oti.mongodb.net","service":"user-service"}
{"level":"info","message":"Buddy Nickname Project running on port 3000","service":"user-service"}
{"level":"info","message":"MongoDB connected ac-tfkjsyo-shard-00-00.yc91oti.mongodb.net","service":"user-service"}
{"level":"info","message":"Buddy Nickname Project running on port 3000","service":"user-service"}
{"level":"info","message":"MongoDB connected ac-tfkjsyo-shard-00-00.yc91oti.mongodb.net","service":"user-service"}
{"level":"info","message":"Buddy Nickname Project running on port 3000","service":"user-service"}
{"level":"info","message":"MongoDB connected ac-tfkjsyo-shard-00-00.yc91oti.mongodb.net","service":"user-service"}
{"level":"info","message":"Buddy Nickname Project running on port 3000","service":"user-service"}
{"level":"info","message":"MongoDB connected ac-tfkjsyo-shard-00-00.yc91oti.mongodb.net","service":"user-service"}
{"level":"info","message":"Buddy Nickname Project running on port 3000","service":"user-service"}
{"level":"info","message":"MongoDB connected ac-tfkjsyo-shard-00-00.yc91oti.mongodb.net","service":"user-service"}
{"level":"error","message":"500-Cast to Number failed for value \"hi\" (type string) at path \"employeeId\" for model \"User\"","service":"user-service"}
{"level":"info","message":"Successfully created buddy: 7","service":"user-service"}
{"level":"debug","message":"Fetching buddy with query : susi","service":"user-service"}
{"level":"info","message":"Buddy found:susi (600)","service":"user-service"}
{"level":"info","message":"Buddy Nickname Project running on port 3000","service":"user-service"}
{"level":"info","message":"Buddy Nickname Project running on port 3000","service":"user-service"}
{"level":"info","message":"MongoDB connected ac-tfkjsyo-shard-00-00.yc91oti.mongodb.net","service":"user-service"}
{"level":"info","message":"Buddy Nickname Project running on port 3000","service":"user-service"}
{"level":"info","message":"MongoDB connected ac-tfkjsyo-shard-00-00.yc91oti.mongodb.net","service":"user-service"}
{"level":"info","message":"Buddy Nickname Project running on port 3000","service":"user-service"}
{"level":"info","message":"MongoDB connected ac-tfkjsyo-shard-00-00.yc91oti.mongodb.net","service":"user-service"}
{"level":"info","message":"Buddy Nickname Project running on port 3000","service":"user-service"}
{"level":"info","message":"MongoDB connected ac-tfkjsyo-shard-00-00.yc91oti.mongodb.net","service":"user-service"}
{"level":"info","message":"Buddy Nickname Project running on port 3000","service":"user-service"}
{"level":"info","message":"MongoDB connected ac-tfkjsyo-shard-00-00.yc91oti.mongodb.net","service":"user-service"}
{"level":"info","message":"Buddy Nickname Project running on port 3000","service":"user-service"}
{"level":"info","message":"MongoDB connected ac-tfkjsyo-shard-00-00.yc91oti.mongodb.net","service":"user-service"}
{"level":"info","message":"Buddy Nickname Project running on port 3000","service":"user-service"}
{"level":"info","message":"MongoDB connected ac-tfkjsyo-shard-00-00.yc91oti.mongodb.net","service":"user-service"}
{"level":"info","message":"Buddy Nickname Project running on port 3000","service":"user-service"}
{"level":"info","message":"MongoDB connected ac-tfkjsyo-shard-00-00.yc91oti.mongodb.net","service":"user-service"}
{"level":"info","message":"Buddy Nickname Project running on port 3000","service":"user-service"}
{"level":"info","message":"MongoDB connected ac-tfkjsyo-shard-00-00.yc91oti.mongodb.net","service":"user-service"}
{"level":"info","message":"Buddy Nickname Project running on port 3000","service":"user-service"}
{"level":"info","message":"MongoDB connected ac-tfkjsyo-shard-00-00.yc91oti.mongodb.net","service":"user-service"}
{"level":"info","message":"Buddy Nickname Project running on port 3000","service":"user-service"}
{"level":"info","message":"MongoDB connected ac-tfkjsyo-shard-00-00.yc91oti.mongodb.net","service":"user-service"}
{"level":"info","message":"Buddy Nickname Project running on port 3000","service":"user-service"}
{"level":"info","message":"MongoDB connected ac-tfkjsyo-shard-00-00.yc91oti.mongodb.net","service":"user-service"}
{"level":"info","message":"Buddy Nickname Project running on port 3000","service":"user-service"}
{"level":"info","message":"MongoDB connected ac-tfkjsyo-shard-00-00.yc91oti.mongodb.net","service":"user-service"}
{"level":"info","message":"Buddy Nickname Project running on port 3000","service":"user-service"}
{"level":"info","message":"MongoDB connected ac-tfkjsyo-shard-00-00.yc91oti.mongodb.net","service":"user-service"}
{"level":"info","message":"Buddy Nickname Project running on port 3000","service":"user-service"}
{"level":"info","message":"MongoDB connected ac-tfkjsyo-shard-00-00.yc91oti.mongodb.net","service":"user-service"}
{"level":"info","message":"Buddy Nickname Project running on port 3000","service":"user-service"}
{"level":"info","message":"MongoDB connected ac-tfkjsyo-shard-00-00.yc91oti.mongodb.net","service":"user-service"}
{"level":"info","message":"Buddy Nickname Project running on port 3000","service":"user-service"}
{"level":"info","message":"Buddy Nickname Project running on port 3000","service":"user-service"}
{"level":"info","message":"Buddy Nickname Project running on port 3000","service":"user-service"}
{"level":"info","message":"MongoDB connected ac-tfkjsyo-shard-00-00.yc91oti.mongodb.net","service":"user-service"}
{"level":"info","message":"Buddy Nickname Project running on port 3000","service":"user-service"}
{"level":"info","message":"MongoDB connected ac-tfkjsyo-shard-00-00.yc91oti.mongodb.net","service":"user-service"}
{"level":"info","message":"Buddy Nickname Project running on port 3000","service":"user-service"}
{"level":"info","message":"MongoDB connected ac-tfkjsyo-shard-00-00.yc91oti.mongodb.net","service":"user-service"}
{"level":"info","message":"Buddy Nickname Project running on port 3000","service":"user-service"}
{"level":"info","message":"MongoDB connected ac-tfkjsyo-shard-00-00.yc91oti.mongodb.net","service":"user-service"}
{"level":"info","message":"Buddy Nickname Project running on port 3000","service":"user-service"}
{"level":"info","message":"MongoDB connected ac-tfkjsyo-shard-00-00.yc91oti.mongodb.net","service":"user-service"}
{"level":"info","message":"Buddy Nickname Project running on port 3000","service":"user-service"}
{"level":"info","message":"MongoDB connected ac-tfkjsyo-shard-00-00.yc91oti.mongodb.net","service":"user-service"}
{"level":"info","message":"Buddy Nickname Project running on port 3000","service":"user-service"}
{"level":"info","message":"MongoDB connected ac-tfkjsyo-shard-00-00.yc91oti.mongodb.net","service":"user-service"}
{"level":"info","message":"Buddy Nickname Project running on port 3000","service":"user-service"}
{"level":"info","message":"MongoDB connected ac-tfkjsyo-shard-00-00.yc91oti.mongodb.net","service":"user-service"}
{"level":"info","message":"Buddy Nickname Project running on port 3000","service":"user-service"}
{"level":"info","message":"MongoDB connected ac-tfkjsyo-shard-00-00.yc91oti.mongodb.net","service":"user-service"}
{"level":"error","message":"500-User validation failed: password: Please provide password, email: Please provide an email","service":"user-service"}
{"level":"error","message":"500-User validation failed: email: Please provide an email, password: Path `password` (`madhu`, length 5) is shorter than the minimum allowed length (8).","service":"user-service"}
{"level":"error","message":"500-User validation failed: email: Please provide an email","service":"user-service"}
{"level":"error","message":"400-Expected ',' or '}' after property value in JSON at position 146 (line 7 column 9)","service":"user-service"}
{"level":"error","message":"500-next is not a function","service":"user-service"}
{"level":"info","message":"Buddy Nickname Project running on port 3000","service":"user-service"}
{"level":"info","message":"MongoDB connected ac-tfkjsyo-shard-00-00.yc91oti.mongodb.net","service":"user-service"}
{"level":"info","message":"Buddy Nickname Project running on port 3000","service":"user-service"}
{"level":"info","message":"MongoDB connected ac-tfkjsyo-shard-00-00.yc91oti.mongodb.net","service":"user-service"}
{"level":"info","message":"Buddy Nickname Project running on port 3000","service":"user-service"}
{"level":"info","message":"MongoDB connected ac-tfkjsyo-shard-00-00.yc91oti.mongodb.net","service":"user-service"}
{"level":"info","message":"Buddy Nickname Project running on port 3000","service":"user-service"}
{"level":"info","message":"MongoDB connected ac-tfkjsyo-shard-00-00.yc91oti.mongodb.net","service":"user-service"}
{"level":"info","message":"Buddy Nickname Project running on port 3000","service":"user-service"}
{"level":"info","message":"MongoDB connected ac-tfkjsyo-shard-00-00.yc91oti.mongodb.net","service":"user-service"}
{"level":"info","message":"Buddy Nickname Project running on port 3000","service":"user-service"}
{"level":"info","message":"MongoDB connected ac-tfkjsyo-shard-00-00.yc91oti.mongodb.net","service":"user-service"}
{"level":"error","message":"500-bcrypt is not defined","service":"user-service"}
{"level":"info","message":"Buddy Nickname Project running on port 3000","service":"user-service"}
{"level":"info","message":"MongoDB connected ac-tfkjsyo-shard-00-01.yc91oti.mongodb.net","service":"user-service"}
{"level":"info","message":"Buddy Nickname Project running on port 3000","service":"user-service"}
{"level":"info","message":"MongoDB connected ac-tfkjsyo-shard-00-00.yc91oti.mongodb.net","service":"user-service"}
{"level":"info","message":"Buddy Nickname Project running on port 3000","service":"user-service"}
{"level":"info","message":"MongoDB connected ac-tfkjsyo-shard-00-02.yc91oti.mongodb.net","service":"user-service"}
{"level":"info","message":"Buddy Nickname Project running on port 3000","service":"user-service"}
{"level":"info","message":"MongoDB connected ac-tfkjsyo-shard-00-01.yc91oti.mongodb.net","service":"user-service"}
{"level":"info","message":"Successfully created buddy: 90","service":"user-service"}
{"level":"info","message":"Buddy Nickname Project running on port 3000","service":"user-service"}
{"level":"info","message":"MongoDB connected ac-tfkjsyo-shard-00-01.yc91oti.mongodb.net","service":"user-service"}
{"level":"warn","message":"Buddy already exist : 90","service":"user-service"}
{"level":"error","message":"400-Buddy already exist.","service":"user-service"}
{"level":"info","message":"Successfully created buddy: 2","service":"user-service"}
{"level":"info","message":"Buddy Nickname Project running on port 3000","service":"user-service"}
{"level":"info","message":"MongoDB connected ac-tfkjsyo-shard-00-01.yc91oti.mongodb.net","service":"user-service"}
{"level":"info","message":"Buddy Nickname Project running on port 3000","service":"user-service"}
{"level":"info","message":"MongoDB connected ac-tfkjsyo-shard-00-00.yc91oti.mongodb.net","service":"user-service"}
{"level":"info","message":"Buddy Nickname Project running on port 3000","service":"user-service"}
{"level":"info","message":"MongoDB connected ac-tfkjsyo-shard-00-02.yc91oti.mongodb.net","service":"user-service"}
{"level":"info","message":"Buddy Nickname Project running on port 3000","service":"user-service"}
{"level":"info","message":"MongoDB connected ac-tfkjsyo-shard-00-01.yc91oti.mongodb.net","service":"user-service"}
{"level":"info","message":"Buddy Nickname Project running on port 3000","service":"user-service"}
{"level":"info","message":"MongoDB connected ac-tfkjsyo-shard-00-00.yc91oti.mongodb.net","service":"user-service"}
{"level":"info","message":"Buddy Nickname Project running on port 3000","service":"user-service"}
{"level":"info","message":"MongoDB connected ac-tfkjsyo-shard-00-02.yc91oti.mongodb.net","service":"user-service"}
{"level":"info","message":"Buddy Nickname Project running on port 3000","service":"user-service"}
{"level":"info","message":"MongoDB connected ac-tfkjsyo-shard-00-01.yc91oti.mongodb.net","service":"user-service"}
{"level":"info","message":"Buddy Nickname Project running on port 3000","service":"user-service"}
{"level":"info","message":"MongoDB connected ac-tfkjsyo-shard-00-00.yc91oti.mongodb.net","service":"user-service"}
{"level":"info","message":"Buddy Nickname Project running on port 3000","service":"user-service"}
{"level":"info","message":"MongoDB connected ac-tfkjsyo-shard-00-00.yc91oti.mongodb.net","service":"user-service"}
{"level":"info","message":"Buddy Nickname Project running on port 3000","service":"user-service"}
{"level":"info","message":"MongoDB connected ac-tfkjsyo-shard-00-02.yc91oti.mongodb.net","service":"user-service"}
{"level":"info","message":"Buddy Nickname Project running on port 3000","service":"user-service"}
{"level":"info","message":"MongoDB connected ac-tfkjsyo-shard-00-01.yc91oti.mongodb.net","service":"user-service"}
{"level":"info","message":"Buddy Nickname Project running on port 3000","service":"user-service"}
{"level":"info","message":"MongoDB connected ac-tfkjsyo-shard-00-01.yc91oti.mongodb.net","service":"user-service"}
{"level":"info","message":"Buddy Nickname Project running on port 3000","service":"user-service"}
{"level":"info","message":"MongoDB connected ac-tfkjsyo-shard-00-00.yc91oti.mongodb.net","service":"user-service"}
{"level":"info","message":"Buddy Nickname Project running on port 3000","service":"user-service"}
{"level":"info","message":"MongoDB connected ac-tfkjsyo-shard-00-02.yc91oti.mongodb.net","service":"user-service"}
{"level":"info","message":"Buddy Nickname Project running on port 3000","service":"user-service"}
{"level":"info","message":"MongoDB connected ac-tfkjsyo-shard-00-01.yc91oti.mongodb.net","service":"user-service"}
{"level":"info","message":"Buddy Nickname Project running on port 3000","service":"user-service"}
{"level":"info","message":"MongoDB connected ac-tfkjsyo-shard-00-00.yc91oti.mongodb.net","service":"user-service"}
{"level":"info","message":"Buddy Nickname Project running on port 3000","service":"user-service"}
{"level":"info","message":"MongoDB connected ac-tfkjsyo-shard-00-01.yc91oti.mongodb.net","service":"user-service"}
{"level":"info","message":"Buddy Nickname Project running on port 3000","service":"user-service"}
{"level":"info","message":"MongoDB connected ac-tfkjsyo-shard-00-02.yc91oti.mongodb.net","service":"user-service"}
{"level":"info","message":"Buddy Nickname Project running on port 3000","service":"user-service"}
{"level":"info","message":"MongoDB connected ac-tfkjsyo-shard-00-00.yc91oti.mongodb.net","service":"user-service"}
{"level":"info","message":"Buddy Nickname Project running on port 3000","service":"user-service"}
{"level":"info","message":"MongoDB connected ac-tfkjsyo-shard-00-01.yc91oti.mongodb.net","service":"user-service"}
{"level":"info","message":"Buddy Nickname Project running on port 3000","service":"user-service"}
{"level":"info","message":"MongoDB connected ac-tfkjsyo-shard-00-02.yc91oti.mongodb.net","service":"user-service"}
{"level":"info","message":"Buddy Nickname Project running on port 3000","service":"user-service"}
{"level":"info","message":"MongoDB connected ac-tfkjsyo-shard-00-00.yc91oti.mongodb.net","service":"user-service"}
{"level":"info","message":"Buddy Nickname Project running on port 3000","service":"user-service"}
{"level":"info","message":"MongoDB connected ac-tfkjsyo-shard-00-02.yc91oti.mongodb.net","service":"user-service"}
{"level":"info","message":"Buddy Nickname Project running on port 3000","service":"user-service"}
{"level":"info","message":"MongoDB connected ac-tfkjsyo-shard-00-01.yc91oti.mongodb.net","service":"user-service"}
{"level":"info","message":"Buddy Nickname Project running on port 3000","service":"user-service"}
{"level":"info","message":"MongoDB connected ac-tfkjsyo-shard-00-00.yc91oti.mongodb.net","service":"user-service"}
{"level":"info","message":"Buddy Nickname Project running on port 3000","service":"user-service"}
{"level":"info","message":"MongoDB connected ac-tfkjsyo-shard-00-00.yc91oti.mongodb.net","service":"user-service"}
{"level":"info","message":"Buddy Nickname Project running on port 3000","service":"user-service"}
{"level":"info","message":"MongoDB connected ac-tfkjsyo-shard-00-02.yc91oti.mongodb.net","service":"user-service"}
{"level":"info","message":"Buddy Nickname Project running on port 3000","service":"user-service"}
{"level":"info","message":"MongoDB connected ac-tfkjsyo-shard-00-02.yc91oti.mongodb.net","service":"user-service"}
{"level":"info","message":"Buddy Nickname Project running on port 3000","service":"user-service"}
{"level":"info","message":"MongoDB connected ac-tfkjsyo-shard-00-00.yc91oti.mongodb.net","service":"user-service"}
{"level":"info","message":"Buddy Nickname Project running on port 3000","service":"user-service"}
{"level":"info","message":"MongoDB connected ac-tfkjsyo-shard-00-01.yc91oti.mongodb.net","service":"user-service"}
{"level":"info","message":"Buddy Nickname Project running on port 3000","service":"user-service"}
{"level":"info","message":"MongoDB connected ac-tfkjsyo-shard-00-02.yc91oti.mongodb.net","service":"user-service"}
{"level":"info","message":"Buddy Nickname Project running on port 3000","service":"user-service"}
{"level":"info","message":"MongoDB connected ac-tfkjsyo-shard-00-01.yc91oti.mongodb.net","service":"user-service"}
{"level":"info","message":"Buddy Nickname Project running on port 3000","service":"user-service"}
{"level":"info","message":"MongoDB connected ac-tfkjsyo-shard-00-00.yc91oti.mongodb.net","service":"user-service"}
{"level":"info","message":"Buddy Nickname Project running on port 3000","service":"user-service"}
{"level":"info","message":"MongoDB connected ac-tfkjsyo-shard-00-02.yc91oti.mongodb.net","service":"user-service"}
{"level":"info","message":"Buddy Nickname Project running on port 3000","service":"user-service"}
{"level":"info","message":"MongoDB connected ac-tfkjsyo-shard-00-01.yc91oti.mongodb.net","service":"user-service"}
{"level":"info","message":"Buddy Nickname Project running on port 3000","service":"user-service"}
{"level":"info","message":"MongoDB connected ac-tfkjsyo-shard-00-00.yc91oti.mongodb.net","service":"user-service"}
{"level":"info","message":"Buddy Nickname Project running on port 3000","service":"user-service"}
{"level":"info","message":"MongoDB connected ac-tfkjsyo-shard-00-00.yc91oti.mongodb.net","service":"user-service"}
{"level":"info","message":"Buddy Nickname Project running on port 3000","service":"user-service"}
{"level":"info","message":"MongoDB connected ac-tfkjsyo-shard-00-02.yc91oti.mongodb.net","service":"user-service"}
{"level":"info","message":"Buddy Nickname Project running on port 3000","service":"user-service"}
{"level":"info","message":"MongoDB connected ac-tfkjsyo-shard-00-01.yc91oti.mongodb.net","service":"user-service"}
{"level":"info","message":"Buddy Nickname Project running on port 3000","service":"user-service"}
{"level":"info","message":"MongoDB connected ac-tfkjsyo-shard-00-00.yc91oti.mongodb.net","service":"user-service"}
{"level":"info","message":"Buddy Nickname Project running on port 3000","service":"user-service"}
{"level":"info","message":"MongoDB connected ac-tfkjsyo-shard-00-02.yc91oti.mongodb.net","service":"user-service"}
{"level":"info","message":"Buddy Nickname Project running on port 3000","service":"user-service"}
{"level":"info","message":"MongoDB connected ac-tfkjsyo-shard-00-01.yc91oti.mongodb.net","service":"user-service"}
{"level":"debug","message":"Fetching all buddies from database","service":"user-service"}
{"level":"error","message":"500-User is not defined","service":"user-service"}
{"level":"info","message":"Buddy Nickname Project running on port 3000","service":"user-service"}
{"level":"info","message":"MongoDB connected ac-tfkjsyo-shard-00-02.yc91oti.mongodb.net","service":"user-service"}
{"level":"error","message":"500-Cannot read properties of undefined (reading 'email')","service":"user-service"}
{"level":"info","message":"Buddy Nickname Project running on port 3000","service":"user-service"}
{"level":"info","message":"MongoDB connected ac-tfkjsyo-shard-00-00.yc91oti.mongodb.net","service":"user-service"}
{"level":"error","message":"500-Cannot read properties of undefined (reading 'email')","service":"user-service"}
{"level":"info","message":"Buddy Nickname Project running on port 3000","service":"user-service"}
{"level":"info","message":"MongoDB connected ac-tfkjsyo-shard-00-01.yc91oti.mongodb.net","service":"user-service"}
{"level":"info","message":"Buddy Nickname Project running on port 3000","service":"user-service"}
{"level":"info","message":"MongoDB connected ac-tfkjsyo-shard-00-00.yc91oti.mongodb.net","service":"user-service"}
{"level":"error","message":"500-Cannot read properties of undefined (reading 'email')","service":"user-service"}
{"level":"error","message":"500-Cannot read properties of undefined (reading 'email')","service":"user-service"}
{"level":"info","message":"Buddy Nickname Project running on port 3000","service":"user-service"}
{"level":"info","message":"MongoDB connected ac-tfkjsyo-shard-00-02.yc91oti.mongodb.net","service":"user-service"}
{"level":"info","message":"Buddy Nickname Project running on port 3000","service":"user-service"}
{"level":"info","message":"MongoDB connected ac-tfkjsyo-shard-00-01.yc91oti.mongodb.net","service":"user-service"}
{"level":"info","message":"Buddy Nickname Project running on port 3000","service":"user-service"}
{"level":"info","message":"MongoDB connected ac-tfkjsyo-shard-00-00.yc91oti.mongodb.net","service":"user-service"}
{"level":"error","message":"500-Cannot read properties of undefined (reading 'email')","service":"user-service"}
{"level":"info","message":"Buddy Nickname Project running on port 3000","service":"user-service"}
{"level":"info","message":"MongoDB connected ac-tfkjsyo-shard-00-01.yc91oti.mongodb.net","service":"user-service"}
{"level":"error","message":"500-Cannot read properties of undefined (reading 'email')","service":"user-service"}
{"level":"info","message":"Buddy Nickname Project running on port 3000","service":"user-service"}
{"level":"info","message":"MongoDB connected ac-tfkjsyo-shard-00-00.yc91oti.mongodb.net","service":"user-service"}
{"level":"info","message":"Buddy Nickname Project running on port 3000","service":"user-service"}
{"level":"info","message":"MongoDB connected ac-tfkjsyo-shard-00-01.yc91oti.mongodb.net","service":"user-service"}
{"level":"info","message":"Buddy Nickname Project running on port 3000","service":"user-service"}
{"level":"info","message":"MongoDB connected ac-tfkjsyo-shard-00-02.yc91oti.mongodb.net","service":"user-service"}
{"level":"info","message":"Buddy Nickname Project running on port 3000","service":"user-service"}
{"level":"info","message":"MongoDB connected ac-tfkjsyo-shard-00-00.yc91oti.mongodb.net","service":"user-service"}
{"level":"info","message":"Buddy Nickname Project running on port 3000","service":"user-service"}
{"level":"info","message":"MongoDB connected ac-tfkjsyo-shard-00-01.yc91oti.mongodb.net","service":"user-service"}
{"level":"info","message":"Buddy Nickname Project running on port 3000","service":"user-service"}
{"level":"info","message":"MongoDB connected ac-tfkjsyo-shard-00-02.yc91oti.mongodb.net","service":"user-service"}
{"level":"info","message":"Buddy Nickname Project running on port 3000","service":"user-service"}
{"level":"info","message":"MongoDB connected ac-tfkjsyo-shard-00-00.yc91oti.mongodb.net","service":"user-service"}
{"level":"info","message":"Buddy Nickname Project running on port 3000","service":"user-service"}
{"level":"info","message":"MongoDB connected ac-tfkjsyo-shard-00-01.yc91oti.mongodb.net","service":"user-service"}
{"level":"info","message":"Buddy Nickname Project running on port 3000","service":"user-service"}
{"level":"info","message":"MongoDB connected ac-tfkjsyo-shard-00-02.yc91oti.mongodb.net","service":"user-service"}
{"level":"info","message":"Buddy Nickname Project running on port 3000","service":"user-service"}
{"level":"info","message":"MongoDB connected ac-tfkjsyo-shard-00-00.yc91oti.mongodb.net","service":"user-service"}
{"level":"info","message":"Buddy Nickname Project running on port 3000","service":"user-service"}
{"level":"info","message":"MongoDB connected ac-tfkjsyo-shard-00-01.yc91oti.mongodb.net","service":"user-service"}
{"level":"error","message":"500-Cannot read properties of undefined (reading 'body')","service":"user-service"}
{"level":"error","message":"500-Cannot read properties of undefined (reading 'body')","service":"user-service"}
{"level":"info","message":"Buddy Nickname Project running on port 3000","service":"user-service"}
{"level":"info","message":"MongoDB connected ac-tfkjsyo-shard-00-00.yc91oti.mongodb.net","service":"user-service"}
{"level":"info","message":"Buddy Nickname Project running on port 3000","service":"user-service"}
{"level":"info","message":"MongoDB connected ac-tfkjsyo-shard-00-02.yc91oti.mongodb.net","service":"user-service"}
{"level":"error","message":"500-Cannot read properties of undefined (reading 'body')","service":"user-service"}
{"level":"info","message":"Buddy Nickname Project running on port 3000","service":"user-service"}
{"level":"info","message":"MongoDB connected ac-tfkjsyo-shard-00-01.yc91oti.mongodb.net","service":"user-service"}
{"level":"error","message":"500-Cannot read properties of undefined (reading 'body')","service":"user-service"}
{"level":"info","message":"Buddy Nickname Project running on port 3000","service":"user-service"}
{"level":"info","message":"MongoDB connected ac-tfkjsyo-shard-00-00.yc91oti.mongodb.net","service":"user-service"}
{"level":"info","message":"Buddy Nickname Project running on port 3000","service":"user-service"}
{"level":"info","message":"MongoDB connected ac-tfkjsyo-shard-00-02.yc91oti.mongodb.net","service":"user-service"}
{"level":"info","message":"Buddy Nickname Project running on port 3000","service":"user-service"}
{"level":"info","message":"MongoDB connected ac-tfkjsyo-shard-00-01.yc91oti.mongodb.net","service":"user-service"}
{"level":"error","message":"500-Cannot read properties of undefined (reading 'body')","service":"user-service"}
{"level":"info","message":"Buddy Nickname Project running on port 3000","service":"user-service"}
{"level":"info","message":"MongoDB connected ac-tfkjsyo-shard-00-00.yc91oti.mongodb.net","service":"user-service"}
{"level":"info","message":"Buddy Nickname Project running on port 3000","service":"user-service"}
{"level":"info","message":"MongoDB connected ac-tfkjsyo-shard-00-02.yc91oti.mongodb.net","service":"user-service"}
{"level":"info","message":"Buddy Nickname Project running on port 3000","service":"user-service"}
{"level":"info","message":"MongoDB connected ac-tfkjsyo-shard-00-02.yc91oti.mongodb.net","service":"user-service"}
{"level":"info","message":"Buddy Nickname Project running on port 3000","service":"user-service"}
{"level":"info","message":"MongoDB connected ac-tfkjsyo-shard-00-00.yc91oti.mongodb.net","service":"user-service"}
{"level":"info","message":"Buddy Nickname Project running on port 3000","service":"user-service"}
{"level":"info","message":"MongoDB connected ac-tfkjsyo-shard-00-01.yc91oti.mongodb.net","service":"user-service"}
{"level":"info","message":"Buddy Nickname Project running on port 3000","service":"user-service"}
{"level":"info","message":"MongoDB connected ac-tfkjsyo-shard-00-02.yc91oti.mongodb.net","service":"user-service"}
{"level":"info","message":"Buddy Nickname Project running on port 3000","service":"user-service"}
{"level":"info","message":"MongoDB connected ac-tfkjsyo-shard-00-00.yc91oti.mongodb.net","service":"user-service"}
{"level":"info","message":"Buddy Nickname Project running on port 3000","service":"user-service"}
{"level":"info","message":"MongoDB connected ac-tfkjsyo-shard-00-01.yc91oti.mongodb.net","service":"user-service"}
{"level":"info","message":"Buddy Nickname Project running on port 3000","service":"user-service"}
{"level":"info","message":"MongoDB connected ac-tfkjsyo-shard-00-02.yc91oti.mongodb.net","service":"user-service"}
{"level":"error","message":"500-Cannot destructure property 'email' of 'req.body' as it is undefined.","service":"user-service"}
{"level":"info","message":"Buddy Nickname Project running on port 3000","service":"user-service"}
{"level":"info","message":"MongoDB connected ac-tfkjsyo-shard-00-00.yc91oti.mongodb.net","service":"user-service"}
{"level":"info","message":"Buddy Nickname Project running on port 3000","service":"user-service"}
{"level":"info","message":"MongoDB connected ac-tfkjsyo-shard-00-01.yc91oti.mongodb.net","service":"user-service"}
{"level":"info","message":"Buddy Nickname Project running on port 3000","service":"user-service"}
{"level":"info","message":"MongoDB connected ac-tfkjsyo-shard-00-02.yc91oti.mongodb.net","service":"user-service"}
{"level":"info","message":"Buddy Nickname Project running on port 3000","service":"user-service"}
{"level":"info","message":"MongoDB connected ac-tfkjsyo-shard-00-02.yc91oti.mongodb.net","service":"user-service"}
{"level":"info","message":"Buddy Nickname Project running on port 3000","service":"user-service"}
{"level":"info","message":"MongoDB connected ac-tfkjsyo-shard-00-00.yc91oti.mongodb.net","service":"user-service"}
{"level":"info","message":"Buddy Nickname Project running on port 3000","service":"user-service"}
{"level":"info","message":"MongoDB connected ac-tfkjsyo-shard-00-01.yc91oti.mongodb.net","service":"user-service"}
{"level":"info","message":"Buddy Nickname Project running on port 3000","service":"user-service"}
{"level":"info","message":"MongoDB connected ac-tfkjsyo-shard-00-02.yc91oti.mongodb.net","service":"user-service"}
{"level":"error","message":"500-req is not defined","service":"user-service"}
{"level":"info","message":"Buddy Nickname Project running on port 3000","service":"user-service"}
{"level":"info","message":"MongoDB connected ac-tfkjsyo-shard-00-00.yc91oti.mongodb.net","service":"user-service"}
{"level":"error","message":"500-bcrypt is not defined","service":"user-service"}
{"level":"info","message":"Buddy Nickname Project running on port 3000","service":"user-service"}
{"level":"info","message":"MongoDB connected ac-tfkjsyo-shard-00-01.yc91oti.mongodb.net","service":"user-service"}
{"level":"info","message":"Buddy Nickname Project running on port 3000","service":"user-service"}
{"level":"info","message":"MongoDB connected ac-tfkjsyo-shard-00-02.yc91oti.mongodb.net","service":"user-service"}
{"level":"info","message":"Buddy Nickname Project running on port 3000","service":"user-service"}
{"level":"info","message":"MongoDB connected ac-tfkjsyo-shard-00-00.yc91oti.mongodb.net","service":"user-service"}
{"level":"info","message":"Buddy Nickname Project running on port 3000","service":"user-service"}
{"level":"info","message":"MongoDB connected ac-tfkjsyo-shard-00-00.yc91oti.mongodb.net","service":"user-service"}
{"level":"info","message":"Buddy Nickname Project running on port 3000","service":"user-service"}
{"level":"info","message":"MongoDB connected ac-tfkjsyo-shard-00-01.yc91oti.mongodb.net","service":"user-service"}
{"level":"info","message":"Buddy Nickname Project running on port 3000","service":"user-service"}
{"level":"info","message":"MongoDB connected ac-tfkjsyo-shard-00-02.yc91oti.mongodb.net","service":"user-service"}
{"level":"error","message":"400-Incorrect password","service":"user-service"}
{"level":"error","message":"400-User not exist","service":"user-service"}
{"level":"info","message":"Buddy Nickname Project running on port 3000","service":"user-service"}
{"level":"info","message":"MongoDB connected ac-tfkjsyo-shard-00-01.yc91oti.mongodb.net","service":"user-service"}
{"level":"info","message":"Buddy Nickname Project running on port 3000","service":"user-service"}
{"level":"info","message":"MongoDB connected ac-tfkjsyo-shard-00-02.yc91oti.mongodb.net","service":"user-service"}
{"level":"info","message":"Buddy Nickname Project running on port 3000","service":"user-service"}
{"level":"info","message":"MongoDB connected ac-tfkjsyo-shard-00-00.yc91oti.mongodb.net","service":"user-service"}
{"level":"info","message":"Buddy Nickname Project running on port 3000","service":"user-service"}
{"level":"info","message":"MongoDB connected ac-tfkjsyo-shard-00-01.yc91oti.mongodb.net","service":"user-service"}
{"level":"info","message":"Buddy Nickname Project running on port 3000","service":"user-service"}
{"level":"info","message":"MongoDB connected ac-tfkjsyo-shard-00-02.yc91oti.mongodb.net","service":"user-service"}
{"level":"info","message":"Buddy Nickname Project running on port 3000","service":"user-service"}
{"level":"info","message":"MongoDB connected ac-tfkjsyo-shard-00-00.yc91oti.mongodb.net","service":"user-service"}
{"level":"info","message":"Buddy Nickname Project running on port 3000","service":"user-service"}
{"level":"info","message":"MongoDB connected ac-tfkjsyo-shard-00-01.yc91oti.mongodb.net","service":"user-service"}
{"level":"info","message":"Buddy Nickname Project running on port 3000","service":"user-service"}
{"level":"info","message":"MongoDB connected ac-tfkjsyo-shard-00-02.yc91oti.mongodb.net","service":"user-service"}
{"level":"info","message":"Buddy Nickname Project running on port 3000","service":"user-service"}
{"level":"info","message":"MongoDB connected ac-tfkjsyo-shard-00-00.yc91oti.mongodb.net","service":"user-service"}
{"level":"info","message":"Buddy Nickname Project running on port 3000","service":"user-service"}
{"level":"info","message":"MongoDB connected ac-tfkjsyo-shard-00-01.yc91oti.mongodb.net","service":"user-service"}
{"level":"info","message":"Buddy Nickname Project running on port 3000","service":"user-service"}
{"level":"info","message":"MongoDB connected ac-tfkjsyo-shard-00-01.yc91oti.mongodb.net","service":"user-service"}
{"level":"info","message":"Buddy Nickname Project running on port 3000","service":"user-service"}
{"level":"info","message":"MongoDB connected ac-tfkjsyo-shard-00-02.yc91oti.mongodb.net","service":"user-service"}
{"level":"info","message":"Buddy Nickname Project running on port 3000","service":"user-service"}
{"level":"info","message":"MongoDB connected ac-tfkjsyo-shard-00-00.yc91oti.mongodb.net","service":"user-service"}
{"level":"info","message":"Buddy Nickname Project running on port 3000","service":"user-service"}
{"level":"info","message":"MongoDB connected ac-tfkjsyo-shard-00-01.yc91oti.mongodb.net","service":"user-service"}
{"level":"info","message":"Buddy Nickname Project running on port 3000","service":"user-service"}
{"level":"info","message":"MongoDB connected ac-tfkjsyo-shard-00-02.yc91oti.mongodb.net","service":"user-service"}
{"level":"info","message":"Buddy Nickname Project running on port 3000","service":"user-service"}
{"level":"info","message":"MongoDB connected ac-tfkjsyo-shard-00-00.yc91oti.mongodb.net","service":"user-service"}
{"level":"info","message":"Buddy Nickname Project running on port 3000","service":"user-service"}
{"level":"info","message":"MongoDB connected ac-tfkjsyo-shard-00-01.yc91oti.mongodb.net","service":"user-service"}
{"level":"info","message":"Buddy Nickname Project running on port 3000","service":"user-service"}
{"level":"info","message":"MongoDB connected ac-tfkjsyo-shard-00-00.yc91oti.mongodb.net","service":"user-service"}
{"level":"info","message":"Buddy Nickname Project running on port 3000","service":"user-service"}
{"level":"info","message":"MongoDB connected ac-tfkjsyo-shard-00-01.yc91oti.mongodb.net","service":"user-service"}
{"level":"info","message":"Buddy Nickname Project running on port 3000","service":"user-service"}
{"level":"info","message":"MongoDB connected ac-tfkjsyo-shard-00-02.yc91oti.mongodb.net","service":"user-service"}
{"level":"info","message":"Buddy Nickname Project running on port 3000","service":"user-service"}
{"level":"info","message":"MongoDB connected ac-tfkjsyo-shard-00-00.yc91oti.mongodb.net","service":"user-service"}
{"level":"info","message":"Buddy Nickname Project running on port 3000","service":"user-service"}
{"level":"info","message":"MongoDB connected ac-tfkjsyo-shard-00-01.yc91oti.mongodb.net","service":"user-service"}
{"level":"info","message":"Buddy Nickname Project running on port 3000","service":"user-service"}
{"level":"info","message":"MongoDB connected ac-tfkjsyo-shard-00-02.yc91oti.mongodb.net","service":"user-service"}
{"level":"info","message":"Buddy Nickname Project running on port 3000","service":"user-service"}
{"level":"info","message":"MongoDB connected ac-tfkjsyo-shard-00-00.yc91oti.mongodb.net","service":"user-service"}
{"level":"info","message":"Buddy Nickname Project running on port 3000","service":"user-service"}
{"level":"info","message":"MongoDB connected ac-tfkjsyo-shard-00-01.yc91oti.mongodb.net","service":"user-service"}
{"level":"info","message":"Buddy Nickname Project running on port 3000","service":"user-service"}
{"level":"info","message":"MongoDB connected ac-tfkjsyo-shard-00-02.yc91oti.mongodb.net","service":"user-service"}
{"level":"info","message":"Buddy Nickname Project running on port 3000","service":"user-service"}
{"level":"info","message":"MongoDB connected ac-tfkjsyo-shard-00-02.yc91oti.mongodb.net","service":"user-service"}
{"level":"info","message":"Buddy Nickname Project running on port 3000","service":"user-service"}
{"level":"info","message":"MongoDB connected ac-tfkjsyo-shard-00-01.yc91oti.mongodb.net","service":"user-service"}
{"level":"info","message":"Buddy Nickname Project running on port 3000","service":"user-service"}
{"level":"info","message":"MongoDB connected ac-tfkjsyo-shard-00-00.yc91oti.mongodb.net","service":"user-service"}
{"level":"info","message":"Buddy Nickname Project running on port 3000","service":"user-service"}
{"level":"info","message":"MongoDB connected ac-tfkjsyo-shard-00-02.yc91oti.mongodb.net","service":"user-service"}
{"level":"info","message":"Buddy Nickname Project running on port 3000","service":"user-service"}
{"level":"info","message":"MongoDB connected ac-tfkjsyo-shard-00-01.yc91oti.mongodb.net","service":"user-service"}
{"level":"info","message":"Buddy Nickname Project running on port 3000","service":"user-service"}
{"level":"info","message":"MongoDB connected ac-tfkjsyo-shard-00-00.yc91oti.mongodb.net","service":"user-service"}
{"level":"info","message":"Buddy Nickname Project running on port 3000","service":"user-service"}
{"level":"info","message":"MongoDB connected ac-tfkjsyo-shard-00-00.yc91oti.mongodb.net","service":"user-service"}
{"level":"info","message":"Buddy Nickname Project running on port 3000","service":"user-service"}
{"level":"info","message":"MongoDB connected ac-tfkjsyo-shard-00-02.yc91oti.mongodb.net","service":"user-service"}
{"level":"info","message":"Buddy Nickname Project running on port 3000","service":"user-service"}
{"level":"info","message":"MongoDB connected ac-tfkjsyo-shard-00-01.yc91oti.mongodb.net","service":"user-service"}
{"level":"info","message":"Buddy Nickname Project running on port 3000","service":"user-service"}
{"level":"info","message":"MongoDB connected ac-tfkjsyo-shard-00-00.yc91oti.mongodb.net","service":"user-service"}
{"level":"info","message":"Buddy Nickname Project running on port 3000","service":"user-service"}
{"level":"info","message":"MongoDB connected ac-tfkjsyo-shard-00-02.yc91oti.mongodb.net","service":"user-service"}
{"level":"info","message":"Buddy Nickname Project running on port 3000","service":"user-service"}
{"level":"info","message":"MongoDB connected ac-tfkjsyo-shard-00-01.yc91oti.mongodb.net","service":"user-service"}
{"level":"info","message":"Buddy Nickname Project running on port 3000","service":"user-service"}
{"level":"info","message":"MongoDB connected ac-tfkjsyo-shard-00-00.yc91oti.mongodb.net","service":"user-service"}
{"level":"info","message":"Buddy Nickname Project running on port 3000","service":"user-service"}
{"level":"info","message":"MongoDB connected ac-tfkjsyo-shard-00-02.yc91oti.mongodb.net","service":"user-service"}
{"level":"info","message":"Buddy Nickname Project running on port 3000","service":"user-service"}
{"level":"info","message":"MongoDB connected ac-tfkjsyo-shard-00-01.yc91oti.mongodb.net","service":"user-service"}
{"level":"info","message":"Buddy Nickname Project running on port 3000","service":"user-service"}
{"level":"info","message":"MongoDB connected ac-tfkjsyo-shard-00-00.yc91oti.mongodb.net","service":"user-service"}
{"level":"info","message":"Buddy Nickname Project running on port 3000","service":"user-service"}
{"level":"info","message":"MongoDB connected ac-tfkjsyo-shard-00-00.yc91oti.mongodb.net","service":"user-service"}
{"level":"info","message":"Buddy Nickname Project running on port 3000","service":"user-service"}
{"level":"info","message":"MongoDB connected ac-tfkjsyo-shard-00-02.yc91oti.mongodb.net","service":"user-service"}
{"level":"info","message":"Buddy Nickname Project running on port 3000","service":"user-service"}
{"level":"info","message":"MongoDB connected ac-tfkjsyo-shard-00-01.yc91oti.mongodb.net","service":"user-service"}
{"level":"info","message":"Buddy Nickname Project running on port 3000","service":"user-service"}
{"level":"info","message":"MongoDB connected ac-tfkjsyo-shard-00-00.yc91oti.mongodb.net","service":"user-service"}
{"level":"info","message":"Buddy Nickname Project running on port 3000","service":"user-service"}
{"level":"info","message":"MongoDB connected ac-tfkjsyo-shard-00-02.yc91oti.mongodb.net","service":"user-service"}
{"level":"info","message":"Buddy Nickname Project running on port 3000","service":"user-service"}
{"level":"info","message":"MongoDB connected ac-tfkjsyo-shard-00-01.yc91oti.mongodb.net","service":"user-service"}
{"level":"info","message":"Buddy Nickname Project running on port 3000","service":"user-service"}
{"level":"info","message":"MongoDB connected ac-tfkjsyo-shard-00-00.yc91oti.mongodb.net","service":"user-service"}
{"level":"info","message":"Buddy Nickname Project running on port 3000","service":"user-service"}
{"level":"info","message":"MongoDB connected ac-tfkjsyo-shard-00-02.yc91oti.mongodb.net","service":"user-service"}
{"level":"info","message":"Buddy Nickname Project running on port 3000","service":"user-service"}
{"level":"info","message":"MongoDB connected ac-tfkjsyo-shard-00-01.yc91oti.mongodb.net","service":"user-service"}
{"level":"info","message":"Buddy Nickname Project running on port 3000","service":"user-service"}
{"level":"info","message":"MongoDB connected ac-tfkjsyo-shard-00-00.yc91oti.mongodb.net","service":"user-service"}
{"level":"info","message":"Buddy Nickname Project running on port 3000","service":"user-service"}
{"level":"info","message":"MongoDB connected ac-tfkjsyo-shard-00-01.yc91oti.mongodb.net","service":"user-service"}
{"level":"info","message":"Buddy Nickname Project running on port 3000","service":"user-service"}
{"level":"info","message":"MongoDB connected ac-tfkjsyo-shard-00-02.yc91oti.mongodb.net","service":"user-service"}
{"level":"info","message":"Buddy Nickname Project running on port 3000","service":"user-service"}
{"level":"info","message":"MongoDB connected ac-tfkjsyo-shard-00-00.yc91oti.mongodb.net","service":"user-service"}
{"level":"info","message":"Buddy Nickname Project running on port 3000","service":"user-service"}
{"level":"info","message":"MongoDB connected ac-tfkjsyo-shard-00-01.yc91oti.mongodb.net","service":"user-service"}
{"level":"info","message":"Buddy Nickname Project running on port 3000","service":"user-service"}
{"level":"info","message":"MongoDB connected ac-tfkjsyo-shard-00-02.yc91oti.mongodb.net","service":"user-service"}
{"level":"info","message":"Buddy Nickname Project running on port 3000","service":"user-service"}
{"level":"info","message":"MongoDB connected ac-tfkjsyo-shard-00-00.yc91oti.mongodb.net","service":"user-service"}
{"level":"info","message":"Buddy Nickname Project running on port 3000","service":"user-service"}
{"level":"info","message":"MongoDB connected ac-tfkjsyo-shard-00-01.yc91oti.mongodb.net","service":"user-service"}
{"level":"info","message":"Buddy Nickname Project running on port 3000","service":"user-service"}
{"level":"info","message":"MongoDB connected ac-tfkjsyo-shard-00-01.yc91oti.mongodb.net","service":"user-service"}
{"level":"info","message":"Buddy Nickname Project running on port 3000","service":"user-service"}
{"level":"info","message":"MongoDB connected ac-tfkjsyo-shard-00-01.yc91oti.mongodb.net","service":"user-service"}
{"level":"info","message":"Buddy Nickname Project running on port 3000","service":"user-service"}
{"level":"info","message":"MongoDB connected ac-tfkjsyo-shard-00-01.yc91oti.mongodb.net","service":"user-service"}
{"level":"error","message":"400-User not exist","service":"user-service"}
{"level":"error","message":"400-User not exist","service":"user-service"}
{"level":"error","message":"token not found","service":"user-service"}
{"level":"error","message":"401-Token not found","service":"user-service"}
{"level":"info","message":"Buddy Nickname Project running on port 3000","service":"user-service"}
{"level":"info","message":"MongoDB connected ac-tfkjsyo-shard-00-02.yc91oti.mongodb.net","service":"user-service"}
{"level":"info","message":"Buddy Nickname Project running on port 3000","service":"user-service"}
{"level":"info","message":"MongoDB connected ac-tfkjsyo-shard-00-01.yc91oti.mongodb.net","service":"user-service"}
{"level":"info","message":"Buddy Nickname Project running on port 3000","service":"user-service"}
{"level":"info","message":"MongoDB connected ac-tfkjsyo-shard-00-00.yc91oti.mongodb.net","service":"user-service"}
{"level":"info","message":"Buddy Nickname Project running on port 3000","service":"user-service"}
{"level":"info","message":"MongoDB connected ac-tfkjsyo-shard-00-02.yc91oti.mongodb.net","service":"user-service"}
{"level":"info","message":"Buddy Nickname Project running on port 3000","service":"user-service"}
{"level":"info","message":"MongoDB connected ac-tfkjsyo-shard-00-01.yc91oti.mongodb.net","service":"user-service"}
{"level":"info","message":"Buddy Nickname Project running on port 3000","service":"user-service"}
{"level":"info","message":"MongoDB connected ac-tfkjsyo-shard-00-00.yc91oti.mongodb.net","service":"user-service"}
{"level":"info","message":"Buddy Nickname Project running on port 3000","service":"user-service"}
{"level":"info","message":"MongoDB connected ac-tfkjsyo-shard-00-02.yc91oti.mongodb.net","service":"user-service"}
{"level":"info","message":"Buddy Nickname Project running on port 3000","service":"user-service"}
{"level":"info","message":"MongoDB connected ac-tfkjsyo-shard-00-01.yc91oti.mongodb.net","service":"user-service"}
{"level":"info","message":"Buddy Nickname Project running on port 3000","service":"user-service"}
{"level":"info","message":"MongoDB connected ac-tfkjsyo-shard-00-00.yc91oti.mongodb.net","service":"user-service"}
{"level":"info","message":"Buddy Nickname Project running on port 3000","service":"user-service"}
{"level":"info","message":"MongoDB connected ac-tfkjsyo-shard-00-02.yc91oti.mongodb.net","service":"user-service"}
{"level":"info","message":"Buddy Nickname Project running on port 3000","service":"user-service"}
{"level":"info","message":"MongoDB connected ac-tfkjsyo-shard-00-01.yc91oti.mongodb.net","service":"user-service"}
{"level":"info","message":"Buddy Nickname Project running on port 3000","service":"user-service"}
{"level":"info","message":"MongoDB connected ac-tfkjsyo-shard-00-00.yc91oti.mongodb.net","service":"user-service"}
{"level":"info","message":"Buddy Nickname Project running on port 3000","service":"user-service"}
{"level":"info","message":"MongoDB connected ac-tfkjsyo-shard-00-02.yc91oti.mongodb.net","service":"user-service"}
{"level":"info","message":"Buddy Nickname Project running on port 3000","service":"user-service"}
{"level":"info","message":"MongoDB connected ac-tfkjsyo-shard-00-01.yc91oti.mongodb.net","service":"user-service"}
{"level":"info","message":"Buddy Nickname Project running on port 3000","service":"user-service"}
{"level":"info","message":"MongoDB connected ac-tfkjsyo-shard-00-02.yc91oti.mongodb.net","service":"user-service"}
{"level":"info","message":"Buddy Nickname Project running on port 3000","service":"user-service"}
{"level":"info","message":"MongoDB connected ac-tfkjsyo-shard-00-00.yc91oti.mongodb.net","service":"user-service"}
{"level":"info","message":"Buddy Nickname Project running on port 3000","service":"user-service"}
{"level":"info","message":"MongoDB connected ac-tfkjsyo-shard-00-01.yc91oti.mongodb.net","service":"user-service"}
{"level":"info","message":"Buddy Nickname Project running on port 3000","service":"user-service"}
{"level":"info","message":"MongoDB connected ac-tfkjsyo-shard-00-02.yc91oti.mongodb.net","service":"user-service"}
{"level":"info","message":"Buddy Nickname Project running on port 3000","service":"user-service"}
{"level":"info","message":"MongoDB connected ac-tfkjsyo-shard-00-00.yc91oti.mongodb.net","service":"user-service"}
{"level":"info","message":"Buddy Nickname Project running on port 3000","service":"user-service"}
{"level":"info","message":"MongoDB connected ac-tfkjsyo-shard-00-01.yc91oti.mongodb.net","service":"user-service"}
{"level":"info","message":"Buddy Nickname Project running on port 3000","service":"user-service"}
{"level":"info","message":"MongoDB connected ac-tfkjsyo-shard-00-02.yc91oti.mongodb.net","service":"user-service"}
{"level":"info","message":"Buddy Nickname Project running on port 3000","service":"user-service"}
{"level":"info","message":"MongoDB connected ac-tfkjsyo-shard-00-01.yc91oti.mongodb.net","service":"user-service"}
{"level":"info","message":"Buddy Nickname Project running on port 3000","service":"user-service"}
{"level":"info","message":"MongoDB connected ac-tfkjsyo-shard-00-00.yc91oti.mongodb.net","service":"user-service"}
{"level":"info","message":"Buddy Nickname Project running on port 3000","service":"user-service"}
{"level":"info","message":"MongoDB connected ac-tfkjsyo-shard-00-02.yc91oti.mongodb.net","service":"user-service"}
{"level":"info","message":"Buddy Nickname Project running on port 3000","service":"user-service"}
{"level":"info","message":"MongoDB connected ac-tfkjsyo-shard-00-01.yc91oti.mongodb.net","service":"user-service"}
{"level":"info","message":"Buddy Nickname Project running on port 3000","service":"user-service"}
{"level":"info","message":"MongoDB connected ac-tfkjsyo-shard-00-00.yc91oti.mongodb.net","service":"user-service"}
{"level":"info","message":"Buddy Nickname Project running on port 3000","service":"user-service"}
{"level":"info","message":"MongoDB connected ac-tfkjsyo-shard-00-00.yc91oti.mongodb.net","service":"user-service"}
{"level":"info","message":"Buddy Nickname Project running on port 3000","service":"user-service"}
{"level":"info","message":"MongoDB connected ac-tfkjsyo-shard-00-02.yc91oti.mongodb.net","service":"user-service"}
{"level":"info","message":"Buddy Nickname Project running on port 3000","service":"user-service"}
{"level":"info","message":"MongoDB connected ac-tfkjsyo-shard-00-01.yc91oti.mongodb.net","service":"user-service"}
{"level":"info","message":"Buddy Nickname Project running on port 3000","service":"user-service"}
{"level":"info","message":"MongoDB connected ac-tfkjsyo-shard-00-00.yc91oti.mongodb.net","service":"user-service"}
{"level":"info","message":"Buddy Nickname Project running on port 3000","service":"user-service"}
{"level":"info","message":"MongoDB connected ac-tfkjsyo-shard-00-02.yc91oti.mongodb.net","service":"user-service"}
{"level":"info","message":"Buddy Nickname Project running on port 3000","service":"user-service"}
{"level":"info","message":"MongoDB connected ac-tfkjsyo-shard-00-01.yc91oti.mongodb.net","service":"user-service"}
{"level":"info","message":"Buddy Nickname Project running on port 3000","service":"user-service"}
{"level":"info","message":"MongoDB connected ac-tfkjsyo-shard-00-00.yc91oti.mongodb.net","service":"user-service"}
{"level":"error","message":"500-update is not defined","service":"user-service"}
{"level":"info","message":"Buddy Nickname Project running on port 3000","service":"user-service"}
{"level":"info","message":"MongoDB connected ac-tfkjsyo-shard-00-01.yc91oti.mongodb.net","service":"user-service"}
{"level":"info","message":"Buddy Nickname Project running on port 3000","service":"user-service"}
{"level":"info","message":"MongoDB connected ac-tfkjsyo-shard-00-02.yc91oti.mongodb.net","service":"user-service"}
{"level":"error","message":"500-id is not defined","service":"user-service"}
{"level":"info","message":"Buddy Nickname Project running on port 3000","service":"user-service"}
{"level":"info","message":"MongoDB connected ac-tfkjsyo-shard-00-00.yc91oti.mongodb.net","service":"user-service"}
{"level":"info","message":"Buddy Nickname Project running on port 3000","service":"user-service"}
{"level":"info","message":"MongoDB connected ac-tfkjsyo-shard-00-02.yc91oti.mongodb.net","service":"user-service"}
{"level":"info","message":"Buddy Nickname Project running on port 3000","service":"user-service"}
{"level":"info","message":"MongoDB connected ac-tfkjsyo-shard-00-01.yc91oti.mongodb.net","service":"user-service"}
{"level":"info","message":"Buddy Nickname Project running on port 3000","service":"user-service"}
{"level":"info","message":"MongoDB connected ac-tfkjsyo-shard-00-00.yc91oti.mongodb.net","service":"user-service"}
{"level":"error","message":"500-Cast to Number failed for value \"{ email: 'madhu@gmail' }\" (type Object) at path \"employeeId\" for model \"User\"","service":"user-service"}
{"level":"info","message":"Buddy Nickname Project running on port 3000","service":"user-service"}
{"level":"info","message":"MongoDB connected ac-tfkjsyo-shard-00-02.yc91oti.mongodb.net","service":"user-service"}
{"level":"info","message":"Buddy Nickname Project running on port 3000","service":"user-service"}
{"level":"info","message":"MongoDB connected ac-tfkjsyo-shard-00-01.yc91oti.mongodb.net","service":"user-service"}
{"level":"info","message":"Buddy Nickname Project running on port 3000","service":"user-service"}
{"level":"info","message":"MongoDB connected ac-tfkjsyo-shard-00-00.yc91oti.mongodb.net","service":"user-service"}
{"level":"info","message":"Buddy Nickname Project running on port 3000","service":"user-service"}
{"level":"info","message":"MongoDB connected ac-tfkjsyo-shard-00-02.yc91oti.mongodb.net","service":"user-service"}
{"level":"info","message":"Buddy Nickname Project running on port 3000","service":"user-service"}
{"level":"info","message":"MongoDB connected ac-tfkjsyo-shard-00-01.yc91oti.mongodb.net","service":"user-service"}
{"level":"info","message":"Buddy Nickname Project running on port 3000","service":"user-service"}
{"level":"info","message":"MongoDB connected ac-tfkjsyo-shard-00-00.yc91oti.mongodb.net","service":"user-service"}
{"level":"info","message":"Buddy Nickname Project running on port 3000","service":"user-service"}
{"level":"info","message":"MongoDB connected ac-tfkjsyo-shard-00-02.yc91oti.mongodb.net","service":"user-service"}
{"level":"info","message":"Buddy Nickname Project running on port 3000","service":"user-service"}
{"level":"info","message":"MongoDB connected ac-tfkjsyo-shard-00-01.yc91oti.mongodb.net","service":"user-service"}
{"level":"info","message":"Buddy Nickname Project running on port 3000","service":"user-service"}
{"level":"info","message":"MongoDB connected ac-tfkjsyo-shard-00-00.yc91oti.mongodb.net","service":"user-service"}
{"level":"info","message":"Buddy Nickname Project running on port 3000","service":"user-service"}
{"level":"info","message":"MongoDB connected ac-tfkjsyo-shard-00-02.yc91oti.mongodb.net","service":"user-service"}
{"level":"warn","message":"Buddy already exist : 2","service":"user-service"}
{"level":"error","message":"400-Buddy already exist.","service":"user-service"}
{"level":"debug","message":"Fetching all buddies from database","service":"user-service"}
{"level":"debug","message":"Fetching buddy with query : 2","service":"user-service"}
{"level":"info","message":"Buddy found:90 (2)","service":"user-service"}
{"level":"info","message":"Buddy Nickname Project running on port 3000","service":"user-service"}
{"level":"info","message":"MongoDB connected ac-tfkjsyo-shard-00-02.yc91oti.mongodb.net","service":"user-service"}
{"level":"info","message":"Buddy Nickname Project running on port 3000","service":"user-service"}
{"level":"info","message":"MongoDB connected ac-tfkjsyo-shard-00-01.yc91oti.mongodb.net","service":"user-service"}
{"level":"info","message":"Buddy Nickname Project running on port 3000","service":"user-service"}
{"level":"info","message":"MongoDB connected ac-tfkjsyo-shard-00-02.yc91oti.mongodb.net","service":"user-service"}
{"level":"info","message":"Buddy Nickname Project running on port 3000","service":"user-service"}
{"level":"info","message":"MongoDB connected ac-tfkjsyo-shard-00-00.yc91oti.mongodb.net","service":"user-service"}
{"level":"info","message":"Buddy Nickname Project running on port 3000","service":"user-service"}
{"level":"info","message":"MongoDB connected ac-tfkjsyo-shard-00-01.yc91oti.mongodb.net","service":"user-service"}
{"level":"error","message":"500-Cannot access 'token' before initialization","service":"user-service"}
{"level":"info","message":"Buddy Nickname Project running on port 3000","service":"user-service"}
{"level":"info","message":"MongoDB connected ac-tfkjsyo-shard-00-02.yc91oti.mongodb.net","service":"user-service"}
{"level":"info","message":"Buddy Nickname Project running on port 3000","service":"user-service"}
{"level":"info","message":"MongoDB connected ac-tfkjsyo-shard-00-01.yc91oti.mongodb.net","service":"user-service"}
{"level":"info","message":"Buddy Nickname Project running on port 3000","service":"user-service"}
{"level":"info","message":"MongoDB connected ac-tfkjsyo-shard-00-00.yc91oti.mongodb.net","service":"user-service"}
{"level":"info","message":"Buddy Nickname Project running on port 3000","service":"user-service"}
{"level":"info","message":"MongoDB connected ac-tfkjsyo-shard-00-02.yc91oti.mongodb.net","service":"user-service"}
{"level":"info","message":"Buddy Nickname Project running on port 3000","service":"user-service"}
{"level":"info","message":"MongoDB connected ac-tfkjsyo-shard-00-01.yc91oti.mongodb.net","service":"user-service"}
{"level":"info","message":"Buddy Nickname Project running on port 3000","service":"user-service"}
{"level":"info","message":"MongoDB connected ac-tfkjsyo-shard-00-01.yc91oti.mongodb.net","service":"user-service"}
{"level":"info","message":"Buddy Nickname Project running on port 3000","service":"user-service"}
{"level":"info","message":"MongoDB connected ac-tfkjsyo-shard-00-02.yc91oti.mongodb.net","service":"user-service"}
{"level":"info","message":"Buddy Nickname Project running on port 3000","service":"user-service"}
{"level":"info","message":"MongoDB connected ac-tfkjsyo-shard-00-00.yc91oti.mongodb.net","service":"user-service"}
{"level":"info","message":"Buddy Nickname Project running on port 3000","service":"user-service"}
{"level":"info","message":"MongoDB connected ac-tfkjsyo-shard-00-02.yc91oti.mongodb.net","service":"user-service"}
{"level":"info","message":"Successfully created buddy: 3","service":"user-service"}
{"level":"warn","message":"Buddy already exist : 3","service":"user-service"}
{"level":"error","message":"400-Buddy already exist.","service":"user-service"}
{"level":"error","message":"500-User validation failed: employeeId: Please provide employee id","service":"user-service"}
{"level":"warn","message":"Buddy already exist : 3","service":"user-service"}
{"level":"error","message":"400-Buddy already exist.","service":"user-service"}
{"level":"info","message":"Successfully created buddy: 4","service":"user-service"}
{"level":"debug","message":"Fetching all buddies from database","service":"user-service"}
{"level":"info","message":"Buddy Nickname Project running on port 3000","service":"user-service"}
{"level":"info","message":"MongoDB connected ac-tfkjsyo-shard-00-02.yc91oti.mongodb.net","service":"user-service"}
{"level":"info","message":"Buddy Nickname Project running on port 3000","service":"user-service"}
{"level":"info","message":"MongoDB connected ac-tfkjsyo-shard-00-01.yc91oti.mongodb.net","service":"user-service"}
{"level":"info","message":"Buddy Nickname Project running on port 3000","service":"user-service"}
{"level":"info","message":"MongoDB connected ac-tfkjsyo-shard-00-00.yc91oti.mongodb.net","service":"user-service"}
{"level":"info","message":"Buddy Nickname Project running on port 3000","service":"user-service"}
{"level":"info","message":"MongoDB connected ac-tfkjsyo-shard-00-02.yc91oti.mongodb.net","service":"user-service"}
{"level":"info","message":"Buddy Nickname Project running on port 3000","service":"user-service"}
{"level":"info","message":"MongoDB connected ac-tfkjsyo-shard-00-01.yc91oti.mongodb.net","service":"user-service"}
{"level":"info","message":"Buddy Nickname Project running on port 3000","service":"user-service"}
{"level":"info","message":"MongoDB connected ac-tfkjsyo-shard-00-00.yc91oti.mongodb.net","service":"user-service"}
{"level":"info","message":"Buddy Nickname Project running on port 3000","service":"user-service"}
{"level":"info","message":"MongoDB connected ac-tfkjsyo-shard-00-02.yc91oti.mongodb.net","service":"user-service"}
{"level":"info","message":"Buddy Nickname Project running on port 3000","service":"user-service"}
{"level":"info","message":"MongoDB connected ac-tfkjsyo-shard-00-01.yc91oti.mongodb.net","service":"user-service"}
{"level":"info","message":"Buddy Nickname Project running on port 3000","service":"user-service"}
{"level":"info","message":"MongoDB connected ac-tfkjsyo-shard-00-00.yc91oti.mongodb.net","service":"user-service"}
{"level":"info","message":"Buddy Nickname Project running on port 3000","service":"user-service"}
{"level":"info","message":"MongoDB connected ac-tfkjsyo-shard-00-02.yc91oti.mongodb.net","service":"user-service"}
{"level":"info","message":"Buddy Nickname Project running on port 3000","service":"user-service"}
{"level":"info","message":"MongoDB connected ac-tfkjsyo-shard-00-02.yc91oti.mongodb.net","service":"user-service"}
{"level":"info","message":"Buddy Nickname Project running on port 3000","service":"user-service"}
{"level":"info","message":"MongoDB connected ac-tfkjsyo-shard-00-00.yc91oti.mongodb.net","service":"user-service"}
{"level":"info","message":"Buddy Nickname Project running on port 3000","service":"user-service"}
{"level":"info","message":"MongoDB connected ac-tfkjsyo-shard-00-01.yc91oti.mongodb.net","service":"user-service"}
{"level":"info","message":"Buddy Nickname Project running on port 3000","service":"user-service"}
{"level":"info","message":"MongoDB connected ac-tfkjsyo-shard-00-02.yc91oti.mongodb.net","service":"user-service"}
{"level":"info","message":"Buddy Nickname Project running on port 3000","service":"user-service"}
{"level":"info","message":"MongoDB connected ac-tfkjsyo-shard-00-00.yc91oti.mongodb.net","service":"user-service"}
{"level":"info","message":"Buddy Nickname Project running on port 3000","service":"user-service"}
{"level":"info","message":"MongoDB connected ac-tfkjsyo-shard-00-01.yc91oti.mongodb.net","service":"user-service"}
{"level":"info","message":"Buddy Nickname Project running on port 3000","service":"user-service"}
{"level":"info","message":"MongoDB connected ac-tfkjsyo-shard-00-02.yc91oti.mongodb.net","service":"user-service"}
{"level":"info","message":"Buddy Nickname Project running on port 3000","service":"user-service"}
{"level":"info","message":"MongoDB connected ac-tfkjsyo-shard-00-02.yc91oti.mongodb.net","service":"user-service"}
{"level":"error","message":"500-User.update is not a function","service":"user-service"}
{"level":"info","message":"Buddy Nickname Project running on port 3000","service":"user-service"}
{"level":"info","message":"MongoDB connected ac-tfkjsyo-shard-00-01.yc91oti.mongodb.net","service":"user-service"}
{"level":"info","message":"Buddy Nickname Project running on port 3000","service":"user-service"}
{"level":"info","message":"MongoDB connected ac-tfkjsyo-shard-00-00.yc91oti.mongodb.net","service":"user-service"}
{"level":"info","message":"Buddy Nickname Project running on port 3000","service":"user-service"}
{"level":"info","message":"MongoDB connected ac-tfkjsyo-shard-00-01.yc91oti.mongodb.net","service":"user-service"}
{"level":"info","message":"Buddy Nickname Project running on port 3000","service":"user-service"}
{"level":"info","message":"MongoDB connected ac-tfkjsyo-shard-00-02.yc91oti.mongodb.net","service":"user-service"}
{"level":"info","message":"Buddy Nickname Project running on port 3000","service":"user-service"}
{"level":"info","message":"MongoDB connected ac-tfkjsyo-shard-00-00.yc91oti.mongodb.net","service":"user-service"}
{"level":"info","message":"Buddy Nickname Project running on port 3000","service":"user-service"}
{"level":"info","message":"MongoDB connected ac-tfkjsyo-shard-00-01.yc91oti.mongodb.net","service":"user-service"}
{"level":"debug","message":"Fetching all buddies from database","service":"user-service"}
{"level":"info","message":"Successfully created buddy: 8","service":"user-service"}
{"level":"info","message":"Successfully created buddy: 89","service":"user-service"}
{"level":"debug","message":"Fetching all buddies from database","service":"user-service"}
{"level":"info","message":"Deleted buddy with ID: 89","service":"user-service"}
{"level":"info","message":"Deleted buddy with ID: 8","service":"user-service"}
{"level":"info","message":"Deleted buddy with ID: 4","service":"user-service"}
{"level":"error","message":"Buddy with 4 doesn't not found","service":"user-service"}
{"level":"error","message":"400-Buddy doesn't exist","service":"user-service"}
{"level":"info","message":"Deleted buddy with ID: 3","service":"user-service"}
{"level":"debug","message":"Fetching all buddies from database","service":"user-service"}
{"level":"info","message":"Successfully created buddy: 89","service":"user-service"}
{"level":"warn","message":"Buddy already exist : 89","service":"user-service"}
{"level":"error","message":"400-Buddy already exist.","service":"user-service"}
{"level":"info","message":"Deleted buddy with ID: 2","service":"user-service"}
{"level":"warn","message":"Buddy already exist : 89","service":"user-service"}
{"level":"error","message":"400-Buddy already exist.","service":"user-service"}
{"level":"warn","message":"Buddy already exist : 89","service":"user-service"}
{"level":"error","message":"400-Buddy already exist.","service":"user-service"}
{"level":"warn","message":"Buddy already exist : 89","service":"user-service"}
{"level":"error","message":"400-Buddy already exist.","service":"user-service"}
{"level":"debug","message":"Fetching all buddies from database","service":"user-service"}
{"level":"info","message":"Successfully created buddy: 8","service":"user-service"}
{"level":"debug","message":"Fetching all buddies from database","service":"user-service"}
{"level":"info","message":"Successfully created buddy: 8","service":"user-service"}
{"level":"warn","message":"Buddy already exist : 8","service":"user-service"}
{"level":"error","message":"400-Buddy already exist.","service":"user-service"}
{"level":"info","message":"Successfully created buddy: 1","service":"user-service"}
{"level":"warn","message":"Buddy already exist : 1","service":"user-service"}
{"level":"error","message":"400-Buddy already exist.","service":"user-service"}
{"level":"warn","message":"Buddy already exist : 1","service":"user-service"}
{"level":"error","message":"400-Buddy already exist.","service":"user-service"}
{"level":"info","message":"Successfully created buddy: 2","service":"user-service"}
{"level":"warn","message":"Buddy already exist : 2","service":"user-service"}
{"level":"error","message":"400-Buddy already exist.","service":"user-service"}
{"level":"warn","message":"Buddy already exist : 2","service":"user-service"}
{"level":"error","message":"400-Buddy already exist.","service":"user-service"}
{"level":"error","message":"500-User validation failed: email: Please provide an email","service":"user-service"}
{"level":"warn","message":"Buddy already exist : 2","service":"user-service"}
{"level":"error","message":"400-Buddy already exist.","service":"user-service"}
{"level":"debug","message":"Fetching all buddies from database","service":"user-service"}
{"level":"info","message":"Buddy Nickname Project running on port 3000","service":"user-service"}
{"level":"info","message":"MongoDB connected ac-tfkjsyo-shard-00-02.yc91oti.mongodb.net","service":"user-service"}
{"level":"info","message":"Buddy Nickname Project running on port 3000","service":"user-service"}
{"level":"info","message":"MongoDB connected ac-tfkjsyo-shard-00-01.yc91oti.mongodb.net","service":"user-service"}
{"level":"info","message":"Buddy Nickname Project running on port 3000","service":"user-service"}
{"level":"info","message":"MongoDB connected ac-tfkjsyo-shard-00-01.yc91oti.mongodb.net","service":"user-service"}
{"level":"info","message":"Buddy Nickname Project running on port 3000","service":"user-service"}
{"level":"info","message":"MongoDB connected ac-tfkjsyo-shard-00-00.yc91oti.mongodb.net","service":"user-service"}
{"level":"info","message":"Buddy Nickname Project running on port 3000","service":"user-service"}
{"level":"info","message":"MongoDB connected ac-tfkjsyo-shard-00-02.yc91oti.mongodb.net","service":"user-service"}
{"level":"info","message":"Buddy Nickname Project running on port 3000","service":"user-service"}
{"level":"info","message":"MongoDB connected ac-tfkjsyo-shard-00-01.yc91oti.mongodb.net","service":"user-service"}
{"level":"info","message":"Buddy Nickname Project running on port 3000","service":"user-service"}
{"level":"info","message":"MongoDB connected ac-tfkjsyo-shard-00-00.yc91oti.mongodb.net","service":"user-service"}
{"level":"info","message":"Buddy Nickname Project running on port 3000","service":"user-service"}
{"level":"info","message":"MongoDB connected ac-tfkjsyo-shard-00-02.yc91oti.mongodb.net","service":"user-service"}
{"level":"info","message":"Buddy Nickname Project running on port 3000","service":"user-service"}
{"level":"info","message":"MongoDB connected ac-tfkjsyo-shard-00-01.yc91oti.mongodb.net","service":"user-service"}
{"level":"info","message":"Buddy Nickname Project running on port 3000","service":"user-service"}
{"level":"info","message":"MongoDB connected ac-tfkjsyo-shard-00-00.yc91oti.mongodb.net","service":"user-service"}
{"level":"info","message":"Buddy Nickname Project running on port 3000","service":"user-service"}
{"level":"info","message":"MongoDB connected ac-tfkjsyo-shard-00-02.yc91oti.mongodb.net","service":"user-service"}
{"level":"info","message":"Buddy Nickname Project running on port 3000","service":"user-service"}
{"level":"info","message":"MongoDB connected ac-tfkjsyo-shard-00-01.yc91oti.mongodb.net","service":"user-service"}
{"level":"info","message":"Buddy Nickname Project running on port 3000","service":"user-service"}
{"level":"info","message":"MongoDB connected ac-tfkjsyo-shard-00-00.yc91oti.mongodb.net","service":"user-service"}
{"level":"info","message":"Buddy Nickname Project running on port 3000","service":"user-service"}
{"level":"info","message":"MongoDB connected ac-tfkjsyo-shard-00-02.yc91oti.mongodb.net","service":"user-service"}
{"level":"info","message":"Buddy Nickname Project running on port 3000","service":"user-service"}
{"level":"info","message":"MongoDB connected ac-tfkjsyo-shard-00-00.yc91oti.mongodb.net","service":"user-service"}
{"level":"info","message":"Buddy Nickname Project running on port 3000","service":"user-service"}
{"level":"info","message":"MongoDB connected ac-tfkjsyo-shard-00-01.yc91oti.mongodb.net","service":"user-service"}
{"level":"info","message":"Buddy Nickname Project running on port 3000","service":"user-service"}
{"level":"info","message":"MongoDB connected ac-tfkjsyo-shard-00-02.yc91oti.mongodb.net","service":"user-service"}
{"level":"info","message":"Buddy Nickname Project running on port 3000","service":"user-service"}
{"level":"info","message":"MongoDB connected ac-tfkjsyo-shard-00-00.yc91oti.mongodb.net","service":"user-service"}
{"level":"info","message":"Buddy Nickname Project running on port 3000","service":"user-service"}
{"level":"info","message":"MongoDB connected ac-tfkjsyo-shard-00-01.yc91oti.mongodb.net","service":"user-service"}
{"level":"info","message":"Buddy Nickname Project running on port 3000","service":"user-service"}
{"level":"info","message":"MongoDB connected ac-tfkjsyo-shard-00-02.yc91oti.mongodb.net","service":"user-service"}
{"level":"info","message":"Buddy Nickname Project running on port 3000","service":"user-service"}
{"level":"info","message":"MongoDB connected ac-tfkjsyo-shard-00-00.yc91oti.mongodb.net","service":"user-service"}
{"level":"info","message":"Buddy Nickname Project running on port 3000","service":"user-service"}
{"level":"info","message":"MongoDB connected ac-tfkjsyo-shard-00-01.yc91oti.mongodb.net","service":"user-service"}
{"level":"info","message":"Buddy Nickname Project running on port 3000","service":"user-service"}
{"level":"info","message":"MongoDB connected ac-tfkjsyo-shard-00-02.yc91oti.mongodb.net","service":"user-service"}
{"level":"info","message":"Buddy Nickname Project running on port 3000","service":"user-service"}
{"level":"info","message":"MongoDB connected ac-tfkjsyo-shard-00-02.yc91oti.mongodb.net","service":"user-service"}
{"level":"info","message":"Buddy Nickname Project running on port 3000","service":"user-service"}
{"level":"info","message":"MongoDB connected ac-tfkjsyo-shard-00-01.yc91oti.mongodb.net","service":"user-service"}
{"level":"debug","message":"Fetching all buddies from database","service":"user-service"}
{"level":"debug","message":"Fetching all buddies from database","service":"user-service"}
{"level":"info","message":"Buddy Nickname Project running on port 3000","service":"user-service"}
{"level":"info","message":"MongoDB connected ac-tfkjsyo-shard-00-02.yc91oti.mongodb.net","service":"user-service"}
{"level":"error","message":"500-Cannot destructure property 'email' of 'req.body' as it is undefined.","service":"user-service"}
{"level":"info","message":"Buddy Nickname Project running on port 3000","service":"user-service"}
{"level":"info","message":"MongoDB connected ac-tfkjsyo-shard-00-00.yc91oti.mongodb.net","service":"user-service"}
{"level":"error","message":"500-Cannot destructure property 'email' of 'req.body' as it is undefined.","service":"user-service"}
{"level":"info","message":"Buddy Nickname Project running on port 3000","service":"user-service"}
{"level":"info","message":"MongoDB connected ac-tfkjsyo-shard-00-02.yc91oti.mongodb.net","service":"user-service"}
{"level":"error","message":"500-Cannot destructure property 'email' of 'req.body' as it is undefined.","service":"user-service"}
{"level":"info","message":"Buddy Nickname Project running on port 3000","service":"user-service"}
{"level":"info","message":"MongoDB connected ac-tfkjsyo-shard-00-01.yc91oti.mongodb.net","service":"user-service"}
{"level":"error","message":"500-Cannot destructure property 'email' of 'req.body' as it is undefined.","service":"user-service"}
{"level":"error","message":"500-Cannot destructure property 'email' of 'req.body' as it is undefined.","service":"user-service"}
{"level":"info","message":"Buddy Nickname Project running on port 3000","service":"user-service"}
{"level":"info","message":"MongoDB connected ac-tfkjsyo-shard-00-01.yc91oti.mongodb.net","service":"user-service"}
{"level":"info","message":"Buddy Nickname Project running on port 3000","service":"user-service"}
{"level":"info","message":"MongoDB connected ac-tfkjsyo-shard-00-00.yc91oti.mongodb.net","service":"user-service"}
{"level":"info","message":"Buddy Nickname Project running on port 3000","service":"user-service"}
{"level":"info","message":"MongoDB connected ac-tfkjsyo-shard-00-02.yc91oti.mongodb.net","service":"user-service"}
{"level":"info","message":"Buddy Nickname Project running on port 3000","service":"user-service"}
{"level":"info","message":"MongoDB connected ac-tfkjsyo-shard-00-01.yc91oti.mongodb.net","service":"user-service"}
{"level":"error","message":"500-Cannot destructure property 'email' of 'req.body' as it is undefined.","service":"user-service"}
{"level":"error","message":"500-Cannot destructure property 'email' of 'req.body' as it is undefined.","service":"user-service"}
{"level":"info","message":"Buddy Nickname Project running on port 3000","service":"user-service"}
{"level":"info","message":"MongoDB connected ac-tfkjsyo-shard-00-00.yc91oti.mongodb.net","service":"user-service"}
{"level":"error","message":"500-Cannot destructure property 'email' of 'req.body' as it is undefined.","service":"user-service"}
{"level":"info","message":"Buddy Nickname Project running on port 3000","service":"user-service"}
{"level":"info","message":"MongoDB connected ac-tfkjsyo-shard-00-01.yc91oti.mongodb.net","service":"user-service"}
{"level":"info","message":"Buddy Nickname Project running on port 3000","service":"user-service"}
{"level":"info","message":"MongoDB connected ac-tfkjsyo-shard-00-02.yc91oti.mongodb.net","service":"user-service"}
{"level":"info","message":"Buddy Nickname Project running on port 3000","service":"user-service"}
{"level":"info","message":"MongoDB connected ac-tfkjsyo-shard-00-00.yc91oti.mongodb.net","service":"user-service"}
{"level":"info","message":"Buddy Nickname Project running on port 3000","service":"user-service"}
{"level":"info","message":"MongoDB connected ac-tfkjsyo-shard-00-01.yc91oti.mongodb.net","service":"user-service"}
{"level":"info","message":"Buddy Nickname Project running on port 3000","service":"user-service"}
{"level":"info","message":"MongoDB connected ac-tfkjsyo-shard-00-00.yc91oti.mongodb.net","service":"user-service"}
{"level":"debug","message":"Fetching all buddies from database","service":"user-service"}
{"level":"debug","message":"Fetching all buddies from database","service":"user-service"}
{"level":"info","message":"Buddy Nickname Project running on port 3000","service":"user-service"}
{"level":"info","message":"MongoDB connected ac-tfkjsyo-shard-00-00.yc91oti.mongodb.net","service":"user-service"}
{"level":"info","message":"Buddy Nickname Project running on port 3000","service":"user-service"}
{"level":"info","message":"MongoDB connected ac-tfkjsyo-shard-00-02.yc91oti.mongodb.net","service":"user-service"}
{"level":"debug","message":"Fetching all buddies from database","service":"user-service"}
{"level":"info","message":"Buddy Nickname Project running on port 3000","service":"user-service"}
{"level":"info","message":"MongoDB connected ac-tfkjsyo-shard-00-00.yc91oti.mongodb.net","service":"user-service"}
{"level":"info","message":"Buddy Nickname Project running on port 3000","service":"user-service"}
{"level":"info","message":"MongoDB connected ac-tfkjsyo-shard-00-01.yc91oti.mongodb.net","service":"user-service"}
{"level":"debug","message":"Fetching all buddies from database","service":"user-service"}
{"level":"debug","message":"Fetching all buddies from database","service":"user-service"}
{"level":"info","message":"Buddy Nickname Project running on port 3000","service":"user-service"}
{"level":"info","message":"MongoDB connected ac-tfkjsyo-shard-00-02.yc91oti.mongodb.net","service":"user-service"}
{"level":"info","message":"Buddy Nickname Project running on port 3000","service":"user-service"}
{"level":"info","message":"MongoDB connected ac-tfkjsyo-shard-00-02.yc91oti.mongodb.net","service":"user-service"}
{"level":"debug","message":"Fetching all buddies from database","service":"user-service"}
{"level":"debug","message":"Fetching all buddies from database","service":"user-service"}
{"level":"debug","message":"Fetching all buddies from database","service":"user-service"}
{"level":"info","message":"Buddy Nickname Project running on port 3000","service":"user-service"}
{"level":"info","message":"MongoDB connected ac-tfkjsyo-shard-00-02.yc91oti.mongodb.net","service":"user-service"}
{"level":"debug","message":"Fetching all buddies from database","service":"user-service"}
{"level":"info","message":"Successfully created buddy: 1","service":"user-service"}
{"level":"warn","message":"Buddy already exist : 1","service":"user-service"}
{"level":"error","message":"400-Buddy already exist.","service":"user-service"}
{"level":"info","message":"Successfully created buddy: 2","service":"user-service"}
{"level":"debug","message":"Fetching all buddies from database","service":"user-service"}
{"level":"error","message":"400-Incorrect password","service":"user-service"}
{"level":"debug","message":"Fetching all buddies from database","service":"user-service"}
{"level":"debug","message":"Fetching all buddies from database","service":"user-service"}
{"level":"debug","message":"Fetching all buddies from database","service":"user-service"}
{"level":"debug","message":"Fetching all buddies from database","service":"user-service"}
{"level":"warn","message":"Buddy already exist : 2","service":"user-service"}
{"level":"error","message":"400-Buddy already exist.","service":"user-service"}
{"level":"info","message":"Successfully created buddy: 3","service":"user-service"}
{"level":"info","message":"Successfully created buddy: 4","service":"user-service"}
{"level":"error","message":"token not found","service":"user-service"}
{"level":"error","message":"401-Token not found","service":"user-service"}
{"level":"error","message":"token not found","service":"user-service"}
{"level":"error","message":"401-Token not found","service":"user-service"}
{"level":"debug","message":"Fetching all buddies from database","service":"user-service"}
{"level":"debug","message":"Fetching all buddies from database","service":"user-service"}
{"level":"info","message":"Buddy Nickname Project running on port 3000","service":"user-service"}
{"level":"info","message":"MongoDB connected ac-tfkjsyo-shard-00-00.yc91oti.mongodb.net","service":"user-service"}
{"level":"debug","message":"Fetching all buddies from database","service":"user-service"}
{"level":"info","message":"Successfully created buddy: 4","service":"user-service"}
{"level":"info","message":"Successfully created buddy: 3","service":"user-service"}
{"level":"warn","message":"Buddy already exist : 3","service":"user-service"}
{"level":"error","message":"400-Buddy already exist.","service":"user-service"}
{"level":"debug","message":"Fetching all buddies from database","service":"user-service"}
{"level":"info","message":"Buddy Nickname Project running on port 3000","service":"user-service"}
{"level":"info","message":"MongoDB connected ac-tfkjsyo-shard-00-00.yc91oti.mongodb.net","service":"user-service"}
{"level":"info","message":"Buddy Nickname Project running on port 3000","service":"user-service"}
{"level":"info","message":"MongoDB connected ac-tfkjsyo-shard-00-01.yc91oti.mongodb.net","service":"user-service"}
{"level":"info","message":"Buddy Nickname Project running on port 3000","service":"user-service"}
{"level":"info","message":"MongoDB connected ac-tfkjsyo-shard-00-02.yc91oti.mongodb.net","service":"user-service"}
{"level":"info","message":"Buddy Nickname Project running on port 3000","service":"user-service"}
{"level":"info","message":"MongoDB connected ac-tfkjsyo-shard-00-00.yc91oti.mongodb.net","service":"user-service"}
{"level":"info","message":"Buddy Nickname Project running on port 3000","service":"user-service"}
{"level":"info","message":"MongoDB connected ac-tfkjsyo-shard-00-00.yc91oti.mongodb.net","service":"user-service"}
{"level":"error","message":"400-User not exist","service":"user-service"}
{"level":"error","message":"500-mongoose is not defined","service":"user-service"}
{"level":"error","message":"400-User not exist","service":"user-service"}
{"level":"error","message":"500-mongoose is not defined","service":"user-service"}
{"level":"error","message":"500-mongoose is not defined","service":"user-service"}
{"level":"info","message":"Buddy Nickname Project running on port 3000","service":"user-service"}
{"level":"info","message":"MongoDB connected ac-tfkjsyo-shard-00-00.yc91oti.mongodb.net","service":"user-service"}
{"level":"debug","message":"Fetching all buddies from database","service":"user-service"}
{"level":"error","message":"400-User not exist","service":"user-service"}
{"level":"debug","message":"Fetching all buddies from database","service":"user-service"}
{"level":"info","message":"Buddy Nickname Project running on port 3000","service":"user-service"}
{"level":"info","message":"MongoDB connected ac-tfkjsyo-shard-00-00.yc91oti.mongodb.net","service":"user-service"}
{"level":"debug","message":"Fetching all buddies from database","service":"user-service"}
{"level":"info","message":"Buddy Nickname Project running on port 3000","service":"user-service"}
{"level":"info","message":"MongoDB connected ac-tfkjsyo-shard-00-00.yc91oti.mongodb.net","service":"user-service"}
{"level":"info","message":"Buddy Nickname Project running on port 3000","service":"user-service"}
{"level":"info","message":"MongoDB connected ac-tfkjsyo-shard-00-00.yc91oti.mongodb.net","service":"user-service"}
{"level":"info","message":"Buddy Nickname Project running on port 3000","service":"user-service"}
{"level":"info","message":"MongoDB connected ac-tfkjsyo-shard-00-00.yc91oti.mongodb.net","service":"user-service"}
{"level":"info","message":"Buddy Nickname Project running on port 3000","service":"user-service"}
{"level":"info","message":"MongoDB connected ac-tfkjsyo-shard-00-00.yc91oti.mongodb.net","service":"user-service"}
{"level":"info","message":"Buddy Nickname Project running on port 3000","service":"user-service"}
{"level":"info","message":"MongoDB connected ac-tfkjsyo-shard-00-00.yc91oti.mongodb.net","service":"user-service"}
{"level":"debug","message":"Fetching all buddies from database","service":"user-service"}
{"level":"info","message":"Buddy Nickname Project running on port 3000","service":"user-service"}
{"level":"info","message":"MongoDB connected ac-tfkjsyo-shard-00-00.yc91oti.mongodb.net","service":"user-service"}
{"level":"info","message":"Buddy Nickname Project running on port 3000","service":"user-service"}
{"level":"info","message":"MongoDB connected ac-tfkjsyo-shard-00-00.yc91oti.mongodb.net","service":"user-service"}
{"level":"info","message":"Buddy Nickname Project running on port 3000","service":"user-service"}
{"level":"info","message":"MongoDB connected ac-tfkjsyo-shard-00-00.yc91oti.mongodb.net","service":"user-service"}
{"level":"info","message":"Buddy Nickname Project running on port 3000","service":"user-service"}
{"level":"info","message":"MongoDB connected ac-tfkjsyo-shard-00-00.yc91oti.mongodb.net","service":"user-service"}
{"level":"debug","message":"Fetching all buddies from database","service":"user-service"}
{"level":"info","message":"Successfully created buddy: 3","service":"user-service"}
{"level":"warn","message":"Buddy already exist : 3","service":"user-service"}
{"level":"error","message":"400-Buddy already exist.","service":"user-service"}
{"level":"info","message":"Buddy Nickname Project running on port 3000","service":"user-service"}
{"level":"info","message":"MongoDB connected ac-tfkjsyo-shard-00-00.yc91oti.mongodb.net","service":"user-service"}
{"level":"info","message":"Buddy Nickname Project running on port 3000","service":"user-service"}
{"level":"info","message":"MongoDB connected ac-tfkjsyo-shard-00-00.yc91oti.mongodb.net","service":"user-service"}
{"level":"info","message":"Buddy Nickname Project running on port 3000","service":"user-service"}
{"level":"info","message":"MongoDB connected ac-tfkjsyo-shard-00-00.yc91oti.mongodb.net","service":"user-service"}
{"level":"info","message":"Buddy Nickname Project running on port 3000","service":"user-service"}
{"level":"info","message":"MongoDB connected ac-tfkjsyo-shard-00-00.yc91oti.mongodb.net","service":"user-service"}
{"level":"info","message":"Buddy Nickname Project running on port 3000","service":"user-service"}
{"level":"info","message":"MongoDB connected ac-tfkjsyo-shard-00-00.yc91oti.mongodb.net","service":"user-service"}
{"level":"info","message":"Buddy Nickname Project running on port 3000","service":"user-service"}
{"level":"info","message":"MongoDB connected ac-tfkjsyo-shard-00-00.yc91oti.mongodb.net","service":"user-service"}
{"level":"info","message":"Buddy Nickname Project running on port 3000","service":"user-service"}
{"level":"info","message":"MongoDB connected ac-tfkjsyo-shard-00-00.yc91oti.mongodb.net","service":"user-service"}
{"level":"warn","message":"Buddy already exist : 3","service":"user-service"}
{"level":"error","message":"400-Buddy already exist.","service":"user-service"}
{"level":"warn","message":"Buddy already exist : 4","service":"user-service"}
{"level":"error","message":"400-Buddy already exist.","service":"user-service"}
{"level":"info","message":"Successfully created buddy: 4","service":"user-service"}
{"level":"warn","message":"Buddy already exist : 6","service":"user-service"}
{"level":"error","message":"400-Buddy already exist.","service":"user-service"}
{"level":"debug","message":"Fetching all buddies from database","service":"user-service"}
{"level":"info","message":"Buddy Nickname Project running on port 3000","service":"user-service"}
{"level":"info","message":"MongoDB connected ac-tfkjsyo-shard-00-00.yc91oti.mongodb.net","service":"user-service"}
{"level":"info","message":"Buddy Nickname Project running on port 3000","service":"user-service"}
{"level":"info","message":"MongoDB connected ac-tfkjsyo-shard-00-00.yc91oti.mongodb.net","service":"user-service"}
{"level":"info","message":"Buddy Nickname Project running on port 3000","service":"user-service"}
{"level":"info","message":"MongoDB connected ac-tfkjsyo-shard-00-00.yc91oti.mongodb.net","service":"user-service"}
{"level":"debug","message":"Fetching all buddies from database","service":"user-service"}
{"level":"info","message":"Buddy Nickname Project running on port 3000","service":"user-service"}
{"level":"info","message":"MongoDB connected ac-tfkjsyo-shard-00-00.yc91oti.mongodb.net","service":"user-service"}
{"level":"debug","message":"Fetching all buddies from database","service":"user-service"}
{"level":"debug","message":"Fetching all buddies from database","service":"user-service"}
{"level":"debug","message":"Fetching all buddies from database","service":"user-service"}
{"level":"info","message":"Successfully created buddy: 6","service":"user-service"}
{"level":"warn","message":"Buddy already exist : 6","service":"user-service"}
{"level":"error","message":"400-Buddy already exist.","service":"user-service"}
{"level":"info","message":"Successfully created buddy: 1","service":"user-service"}
{"level":"debug","message":"Fetching all buddies from database","service":"user-service"}
{"level":"error","message":"400-User not exist","service":"user-service"}
{"level":"debug","message":"Fetching all buddies from database","service":"user-service"}
{"level":"debug","message":"Fetching all buddies from database","service":"user-service"}
{"level":"debug","message":"Fetching all buddies from database","service":"user-service"}
{"level":"error","message":"400-User not exist","service":"user-service"}
{"level":"error","message":"400-User not exist","service":"user-service"}
{"level":"debug","message":"Fetching all buddies from database","service":"user-service"}
{"level":"debug","message":"Fetching all buddies from database","service":"user-service"}
{"level":"debug","message":"Fetching all buddies from database","service":"user-service"}
{"level":"info","message":"Buddy Nickname Project running on port 3000","service":"user-service"}
{"level":"info","message":"MongoDB connected ac-tfkjsyo-shard-00-00.yc91oti.mongodb.net","service":"user-service"}
{"level":"info","message":"Buddy Nickname Project running on port 3000","service":"user-service"}
{"level":"info","message":"MongoDB connected ac-tfkjsyo-shard-00-00.yc91oti.mongodb.net","service":"user-service"}
{"level":"info","message":"Buddy Nickname Project running on port 3000","service":"user-service"}
{"level":"info","message":"MongoDB connected ac-tfkjsyo-shard-00-00.yc91oti.mongodb.net","service":"user-service"}
{"level":"info","message":"Buddy Nickname Project running on port 3000","service":"user-service"}
{"level":"info","message":"MongoDB connected ac-tfkjsyo-shard-00-00.yc91oti.mongodb.net","service":"user-service"}
{"level":"info","message":"Buddy Nickname Project running on port 3000","service":"user-service"}
{"level":"info","message":"MongoDB connected ac-tfkjsyo-shard-00-00.yc91oti.mongodb.net","service":"user-service"}
{"level":"info","message":"Buddy Nickname Project running on port 3000","service":"user-service"}
{"level":"info","message":"MongoDB connected ac-tfkjsyo-shard-00-00.yc91oti.mongodb.net","service":"user-service"}
{"level":"info","message":"Buddy Nickname Project running on port 3000","service":"user-service"}
{"level":"info","message":"MongoDB connected ac-tfkjsyo-shard-00-00.yc91oti.mongodb.net","service":"user-service"}
{"level":"info","message":"Buddy Nickname Project running on port 3000","service":"user-service"}
{"level":"info","message":"MongoDB connected ac-tfkjsyo-shard-00-00.yc91oti.mongodb.net","service":"user-service"}
{"level":"info","message":"Buddy Nickname Project running on port 3000","service":"user-service"}
{"level":"info","message":"MongoDB connected ac-tfkjsyo-shard-00-00.yc91oti.mongodb.net","service":"user-service"}
{"level":"info","message":"Buddy Nickname Project running on port 3000","service":"user-service"}
{"level":"info","message":"MongoDB connected ac-tfkjsyo-shard-00-00.yc91oti.mongodb.net","service":"user-service"}
{"level":"info","message":"Buddy Nickname Project running on port 3000","service":"user-service"}
{"level":"info","message":"Buddy Nickname Project running on port 3000","service":"user-service"}
{"level":"info","message":"MongoDB connected ac-tfkjsyo-shard-00-00.yc91oti.mongodb.net","service":"user-service"}
{"level":"info","message":"Buddy Nickname Project running on port 3000","service":"user-service"}
{"level":"info","message":"MongoDB connected ac-tfkjsyo-shard-00-00.yc91oti.mongodb.net","service":"user-service"}
{"level":"info","message":"Buddy Nickname Project running on port 3000","service":"user-service"}
{"level":"info","message":"MongoDB connected ac-tfkjsyo-shard-00-00.yc91oti.mongodb.net","service":"user-service"}
{"level":"info","message":"Buddy Nickname Project running on port 3000","service":"user-service"}
{"level":"info","message":"MongoDB connected ac-tfkjsyo-shard-00-00.yc91oti.mongodb.net","service":"user-service"}
{"level":"info","message":"Buddy Nickname Project running on port 3000","service":"user-service"}
{"level":"info","message":"MongoDB connected ac-tfkjsyo-shard-00-00.yc91oti.mongodb.net","service":"user-service"}
{"level":"info","message":"Buddy Nickname Project running on port 3000","service":"user-service"}
{"level":"info","message":"MongoDB connected ac-tfkjsyo-shard-00-00.yc91oti.mongodb.net","service":"user-service"}
{"level":"info","message":"Buddy Nickname Project running on port 3000","service":"user-service"}
{"level":"info","message":"MongoDB connected ac-tfkjsyo-shard-00-00.yc91oti.mongodb.net","service":"user-service"}
{"level":"info","message":"Buddy Nickname Project running on port 3000","service":"user-service"}
{"level":"info","message":"MongoDB connected ac-tfkjsyo-shard-00-00.yc91oti.mongodb.net","service":"user-service"}
{"level":"info","message":"Buddy Nickname Project running on port 3000","service":"user-service"}
{"level":"info","message":"MongoDB connected ac-tfkjsyo-shard-00-00.yc91oti.mongodb.net","service":"user-service"}
{"level":"info","message":"Buddy Nickname Project running on port 3000","service":"user-service"}
{"level":"info","message":"Buddy Nickname Project running on port 3000","service":"user-service"}
{"level":"info","message":"MongoDB connected ac-tfkjsyo-shard-00-00.yc91oti.mongodb.net","service":"user-service"}
{"level":"info","message":"Buddy Nickname Project running on port 3000","service":"user-service"}
{"level":"info","message":"MongoDB connected ac-tfkjsyo-shard-00-00.yc91oti.mongodb.net","service":"user-service"}
{"level":"info","message":"Buddy Nickname Project running on port 3000","service":"user-service"}
{"level":"info","message":"MongoDB connected ac-tfkjsyo-shard-00-00.yc91oti.mongodb.net","service":"user-service"}
{"level":"info","message":"Buddy Nickname Project running on port 3000","service":"user-service"}
{"level":"info","message":"MongoDB connected ac-tfkjsyo-shard-00-00.yc91oti.mongodb.net","service":"user-service"}
{"level":"info","message":"Buddy Nickname Project running on port 3000","service":"user-service"}
{"level":"info","message":"MongoDB connected ac-tfkjsyo-shard-00-00.yc91oti.mongodb.net","service":"user-service"}
{"level":"info","message":"Buddy Nickname Project running on port 3000","service":"user-service"}
{"level":"info","message":"MongoDB connected ac-tfkjsyo-shard-00-00.yc91oti.mongodb.net","service":"user-service"}
{"level":"info","message":"Buddy Nickname Project running on port 3000","service":"user-service"}
{"level":"info","message":"MongoDB connected ac-tfkjsyo-shard-00-00.yc91oti.mongodb.net","service":"user-service"}
{"level":"info","message":"Buddy Nickname Project running on port 3000","service":"user-service"}
{"level":"info","message":"MongoDB connected ac-tfkjsyo-shard-00-00.yc91oti.mongodb.net","service":"user-service"}
{"level":"info","message":"Buddy Nickname Project running on port 3000","service":"user-service"}
{"level":"info","message":"MongoDB connected ac-tfkjsyo-shard-00-00.yc91oti.mongodb.net","service":"user-service"}
{"level":"info","message":"Buddy Nickname Project running on port 3000","service":"user-service"}
{"level":"info","message":"MongoDB connected ac-tfkjsyo-shard-00-00.yc91oti.mongodb.net","service":"user-service"}
{"level":"info","message":"Buddy Nickname Project running on port 3000","service":"user-service"}
{"level":"info","message":"MongoDB connected ac-tfkjsyo-shard-00-00.yc91oti.mongodb.net","service":"user-service"}
{"level":"info","message":"Buddy Nickname Project running on port 3000","service":"user-service"}
{"level":"info","message":"MongoDB connected ac-tfkjsyo-shard-00-00.yc91oti.mongodb.net","service":"user-service"}
{"level":"info","message":"Buddy Nickname Project running on port 3000","service":"user-service"}
{"level":"info","message":"MongoDB connected ac-tfkjsyo-shard-00-00.yc91oti.mongodb.net","service":"user-service"}
{"level":"info","message":"Buddy Nickname Project running on port 3000","service":"user-service"}
{"level":"info","message":"MongoDB connected ac-tfkjsyo-shard-00-00.yc91oti.mongodb.net","service":"user-service"}
{"level":"info","message":"Buddy Nickname Project running on port 3000","service":"user-service"}
{"level":"info","message":"MongoDB connected ac-tfkjsyo-shard-00-00.yc91oti.mongodb.net","service":"user-service"}
{"level":"info","message":"Buddy Nickname Project running on port 3000","service":"user-service"}
{"level":"info","message":"MongoDB connected ac-tfkjsyo-shard-00-00.yc91oti.mongodb.net","service":"user-service"}
{"level":"info","message":"Buddy Nickname Project running on port 3000","service":"user-service"}
{"level":"info","message":"MongoDB connected ac-tfkjsyo-shard-00-00.yc91oti.mongodb.net","service":"user-service"}
{"level":"info","message":"Buddy Nickname Project running on port 3000","service":"user-service"}
{"level":"info","message":"MongoDB connected ac-tfkjsyo-shard-00-00.yc91oti.mongodb.net","service":"user-service"}
{"level":"info","message":"Buddy Nickname Project running on port 3000","service":"user-service"}
{"level":"info","message":"MongoDB connected ac-tfkjsyo-shard-00-00.yc91oti.mongodb.net","service":"user-service"}
{"level":"info","message":"Buddy Nickname Project running on port 3000","service":"user-service"}
{"level":"info","message":"MongoDB connected ac-tfkjsyo-shard-00-00.yc91oti.mongodb.net","service":"user-service"}
{"level":"info","message":"Buddy Nickname Project running on port 3000","service":"user-service"}
{"level":"info","message":"MongoDB connected ac-tfkjsyo-shard-00-00.yc91oti.mongodb.net","service":"user-service"}
{"level":"info","message":"Buddy Nickname Project running on port 3000","service":"user-service"}
{"level":"info","message":"MongoDB connected ac-tfkjsyo-shard-00-00.yc91oti.mongodb.net","service":"user-service"}
{"level":"info","message":"Buddy Nickname Project running on port 3000","service":"user-service"}
{"level":"info","message":"MongoDB connected ac-tfkjsyo-shard-00-00.yc91oti.mongodb.net","service":"user-service"}
{"level":"info","message":"Buddy Nickname Project running on port 3000","service":"user-service"}
{"level":"info","message":"MongoDB connected ac-tfkjsyo-shard-00-00.yc91oti.mongodb.net","service":"user-service"}
{"level":"info","message":"Buddy Nickname Project running on port 3000","service":"user-service"}
{"level":"info","message":"MongoDB connected ac-tfkjsyo-shard-00-00.yc91oti.mongodb.net","service":"user-service"}
{"level":"info","message":"Buddy Nickname Project running on port 3000","service":"user-service"}
{"level":"info","message":"MongoDB connected ac-tfkjsyo-shard-00-00.yc91oti.mongodb.net","service":"user-service"}
{"level":"info","message":"Buddy Nickname Project running on port 3000","service":"user-service"}
{"level":"info","message":"MongoDB connected ac-tfkjsyo-shard-00-00.yc91oti.mongodb.net","service":"user-service"}
{"level":"info","message":"Buddy Nickname Project running on port 3000","service":"user-service"}
{"level":"info","message":"MongoDB connected ac-tfkjsyo-shard-00-00.yc91oti.mongodb.net","service":"user-service"}
{"level":"info","message":"Buddy Nickname Project running on port 3000","service":"user-service"}
{"level":"info","message":"MongoDB connected ac-tfkjsyo-shard-00-00.yc91oti.mongodb.net","service":"user-service"}
{"level":"info","message":"Buddy Nickname Project running on port 3000","service":"user-service"}
{"level":"info","message":"MongoDB connected ac-tfkjsyo-shard-00-00.yc91oti.mongodb.net","service":"user-service"}
{"level":"info","message":"Buddy Nickname Project running on port 3000","service":"user-service"}
{"level":"info","message":"MongoDB connected ac-tfkjsyo-shard-00-00.yc91oti.mongodb.net","service":"user-service"}
{"level":"info","message":"Buddy Nickname Project running on port 3000","service":"user-service"}
{"level":"info","message":"MongoDB connected ac-tfkjsyo-shard-00-00.yc91oti.mongodb.net","service":"user-service"}
{"level":"info","message":"Buddy Nickname Project running on port 3000","service":"user-service"}
{"level":"info","message":"MongoDB connected ac-tfkjsyo-shard-00-00.yc91oti.mongodb.net","service":"user-service"}
{"level":"info","message":"Buddy Nickname Project running on port 3000","service":"user-service"}
{"level":"info","message":"MongoDB connected ac-tfkjsyo-shard-00-00.yc91oti.mongodb.net","service":"user-service"}
{"level":"info","message":"Buddy Nickname Project running on port 3000","service":"user-service"}
{"level":"info","message":"MongoDB connected ac-tfkjsyo-shard-00-00.yc91oti.mongodb.net","service":"user-service"}
{"level":"info","message":"Buddy Nickname Project running on port 3000","service":"user-service"}
{"level":"info","message":"MongoDB connected ac-tfkjsyo-shard-00-00.yc91oti.mongodb.net","service":"user-service"}
{"level":"info","message":"Buddy Nickname Project running on port 3000","service":"user-service"}
{"level":"info","message":"MongoDB connected ac-tfkjsyo-shard-00-00.yc91oti.mongodb.net","service":"user-service"}
{"level":"info","message":"Buddy Nickname Project running on port 3000","service":"user-service"}
{"level":"info","message":"MongoDB connected ac-tfkjsyo-shard-00-00.yc91oti.mongodb.net","service":"user-service"}
{"level":"info","message":"Buddy Nickname Project running on port 3000","service":"user-service"}
{"level":"info","message":"MongoDB connected ac-tfkjsyo-shard-00-00.yc91oti.mongodb.net","service":"user-service"}
{"level":"warn","message":"Buddy already exist : 1","service":"user-service"}
{"level":"error","message":"400-Buddy already exist.","service":"user-service"}
{"level":"warn","message":"Buddy already exist : 7","service":"user-service"}
{"level":"error","message":"400-Buddy already exist.","service":"user-service"}
{"level":"info","message":"Successfully created buddy: 7","service":"user-service"}
{"level":"debug","message":"Fetching all buddies from database","service":"user-service"}
{"level":"error","message":"500-role is not defined","service":"user-service"}
{"level":"info","message":"Buddy Nickname Project running on port 3000","service":"user-service"}
{"level":"info","message":"MongoDB connected ac-tfkjsyo-shard-00-00.yc91oti.mongodb.net","service":"user-service"}
{"level":"info","message":"Buddy Nickname Project running on port 3000","service":"user-service"}
{"level":"info","message":"MongoDB connected ac-tfkjsyo-shard-00-00.yc91oti.mongodb.net","service":"user-service"}
{"level":"info","message":"Buddy Nickname Project running on port 3000","service":"user-service"}
{"level":"info","message":"MongoDB connected ac-tfkjsyo-shard-00-00.yc91oti.mongodb.net","service":"user-service"}
{"level":"error","message":"500-token is not defined","service":"user-service"}
{"level":"debug","message":"Fetching all buddies from database","service":"user-service"}
{"level":"error","message":"500-token is not defined","service":"user-service"}
{"level":"error","message":"500-token is not defined","service":"user-service"}
{"level":"info","message":"Buddy Nickname Project running on port 3000","service":"user-service"}
{"level":"info","message":"MongoDB connected ac-tfkjsyo-shard-00-00.yc91oti.mongodb.net","service":"user-service"}
{"level":"error","message":"500-token is not defined","service":"user-service"}
{"level":"warn","message":"Buddy already exist : 5","service":"user-service"}
{"level":"error","message":"400-Buddy already exist.","service":"user-service"}
{"level":"info","message":"Successfully created buddy: 5","service":"user-service"}
{"level":"debug","message":"Fetching all buddies from database","service":"user-service"}
{"level":"debug","message":"Fetching all buddies from database","service":"user-service"}
{"level":"info","message":"Buddy Nickname Project running on port 3000","service":"user-service"}
{"level":"info","message":"MongoDB connected ac-tfkjsyo-shard-00-00.yc91oti.mongodb.net","service":"user-service"}
{"level":"warn","message":"Buddy already exist : 2","service":"user-service"}
{"level":"error","message":"400-Buddy already exist.","service":"user-service"}
{"level":"warn","message":"Buddy already exist : 8","service":"user-service"}
{"level":"error","message":"400-Buddy already exist.","service":"user-service"}
{"level":"warn","message":"Buddy already exist : 4","service":"user-service"}
{"level":"error","message":"400-Buddy already exist.","service":"user-service"}
{"level":"info","message":"Successfully created buddy: 3","service":"user-service"}
{"level":"debug","message":"Fetching all buddies from database","service":"user-service"}
{"level":"error","message":"500-token is not defined","service":"user-service"}
{"level":"info","message":"Buddy Nickname Project running on port 3000","service":"user-service"}
{"level":"info","message":"MongoDB connected ac-tfkjsyo-shard-00-00.yc91oti.mongodb.net","service":"user-service"}
{"level":"info","message":"Buddy Nickname Project running on port 3000","service":"user-service"}
{"level":"info","message":"MongoDB connected ac-tfkjsyo-shard-00-00.yc91oti.mongodb.net","service":"user-service"}
{"level":"info","message":"Buddy Nickname Project running on port 3000","service":"user-service"}
{"level":"info","message":"MongoDB connected ac-tfkjsyo-shard-00-00.yc91oti.mongodb.net","service":"user-service"}
{"level":"info","message":"decoded the token","service":"user-service"}
{"level":"info","message":"decoded the token","service":"user-service"}
{"level":"info","message":"Buddy Nickname Project running on port 3000","service":"user-service"}
{"level":"info","message":"MongoDB connected ac-tfkjsyo-shard-00-00.yc91oti.mongodb.net","service":"user-service"}
{"level":"info","message":"Buddy Nickname Project running on port 3000","service":"user-service"}
{"level":"info","message":"MongoDB connected ac-tfkjsyo-shard-00-00.yc91oti.mongodb.net","service":"user-service"}
{"level":"info","message":"Buddy Nickname Project running on port 3000","service":"user-service"}
{"level":"info","message":"MongoDB connected ac-tfkjsyo-shard-00-00.yc91oti.mongodb.net","service":"user-service"}
{"level":"info","message":"Buddy Nickname Project running on port 3000","service":"user-service"}
{"level":"info","message":"MongoDB connected ac-tfkjsyo-shard-00-00.yc91oti.mongodb.net","service":"user-service"}
{"level":"info","message":"Buddy Nickname Project running on port 3000","service":"user-service"}
{"level":"info","message":"MongoDB connected ac-tfkjsyo-shard-00-00.yc91oti.mongodb.net","service":"user-service"}
{"level":"info","message":"Buddy Nickname Project running on port 3000","service":"user-service"}
{"level":"info","message":"MongoDB connected ac-tfkjsyo-shard-00-00.yc91oti.mongodb.net","service":"user-service"}
{"level":"info","message":"Buddy Nickname Project running on port 3000","service":"user-service"}
{"level":"info","message":"MongoDB connected ac-tfkjsyo-shard-00-00.yc91oti.mongodb.net","service":"user-service"}
{"level":"info","message":"Buddy Nickname Project running on port 3000","service":"user-service"}
{"level":"info","message":"MongoDB connected ac-tfkjsyo-shard-00-00.yc91oti.mongodb.net","service":"user-service"}
{"level":"info","message":"Buddy Nickname Project running on port 3000","service":"user-service"}
{"level":"info","message":"MongoDB connected ac-tfkjsyo-shard-00-00.yc91oti.mongodb.net","service":"user-service"}
{"level":"info","message":"Buddy Nickname Project running on port 3000","service":"user-service"}
{"level":"info","message":"MongoDB connected ac-tfkjsyo-shard-00-00.yc91oti.mongodb.net","service":"user-service"}
{"level":"info","message":"Buddy Nickname Project running on port 3000","service":"user-service"}
{"level":"info","message":"MongoDB connected ac-tfkjsyo-shard-00-00.yc91oti.mongodb.net","service":"user-service"}
{"level":"info","message":"Buddy Nickname Project running on port 3000","service":"user-service"}
{"level":"info","message":"MongoDB connected ac-tfkjsyo-shard-00-00.yc91oti.mongodb.net","service":"user-service"}
{"level":"info","message":"Buddy Nickname Project running on port 3000","service":"user-service"}
{"level":"info","message":"MongoDB connected ac-tfkjsyo-shard-00-00.yc91oti.mongodb.net","service":"user-service"}
{"level":"error","message":"500-Cannot read properties of undefined (reading 'role')","service":"user-service"}
{"level":"info","message":"Buddy Nickname Project running on port 3000","service":"user-service"}
{"level":"info","message":"MongoDB connected ac-tfkjsyo-shard-00-00.yc91oti.mongodb.net","service":"user-service"}
{"level":"info","message":"Buddy Nickname Project running on port 3000","service":"user-service"}
{"level":"info","message":"MongoDB connected ac-tfkjsyo-shard-00-00.yc91oti.mongodb.net","service":"user-service"}
{"level":"info","message":"decoded the token","service":"user-service"}
{"level":"debug","message":"Fetching all buddies from database","service":"user-service"}
{"level":"info","message":"Buddy Nickname Project running on port 3000","service":"user-service"}
{"level":"info","message":"MongoDB connected ac-tfkjsyo-shard-00-00.yc91oti.mongodb.net","service":"user-service"}
{"level":"info","message":"Buddy Nickname Project running on port 3000","service":"user-service"}
{"level":"info","message":"MongoDB connected ac-tfkjsyo-shard-00-00.yc91oti.mongodb.net","service":"user-service"}
{"level":"info","message":"Buddy Nickname Project running on port 3000","service":"user-service"}
{"level":"info","message":"MongoDB connected ac-tfkjsyo-shard-00-00.yc91oti.mongodb.net","service":"user-service"}
{"level":"info","message":"Buddy Nickname Project running on port 3000","service":"user-service"}
{"level":"info","message":"MongoDB connected ac-tfkjsyo-shard-00-00.yc91oti.mongodb.net","service":"user-service"}
{"level":"info","message":"Buddy Nickname Project running on port 3000","service":"user-service"}
{"level":"info","message":"MongoDB connected ac-tfkjsyo-shard-00-00.yc91oti.mongodb.net","service":"user-service"}
{"level":"info","message":"Buddy Nickname Project running on port 3000","service":"user-service"}
{"level":"info","message":"MongoDB connected ac-tfkjsyo-shard-00-00.yc91oti.mongodb.net","service":"user-service"}
{"level":"info","message":"Buddy Nickname Project running on port 3000","service":"user-service"}
{"level":"info","message":"MongoDB connected ac-tfkjsyo-shard-00-00.yc91oti.mongodb.net","service":"user-service"}
{"level":"info","message":"decoded the token","service":"user-service"}
{"level":"error","message":"500-logger is not defined","service":"user-service"}
{"level":"info","message":"Buddy Nickname Project running on port 3000","service":"user-service"}
{"level":"info","message":"MongoDB connected ac-tfkjsyo-shard-00-00.yc91oti.mongodb.net","service":"user-service"}
{"level":"info","message":"Buddy Nickname Project running on port 3000","service":"user-service"}
{"level":"info","message":"MongoDB connected ac-tfkjsyo-shard-00-00.yc91oti.mongodb.net","service":"user-service"}
{"level":"info","message":"decoded the token","service":"user-service"}
{"level":"debug","message":"Checked the role","service":"user-service"}
{"level":"debug","message":"Fetching all buddies from database","service":"user-service"}
{"level":"info","message":"Buddy Nickname Project running on port 3000","service":"user-service"}
{"level":"info","message":"MongoDB connected ac-tfkjsyo-shard-00-00.yc91oti.mongodb.net","service":"user-service"}
{"level":"info","message":"Buddy Nickname Project running on port 3000","service":"user-service"}
{"level":"info","message":"MongoDB connected ac-tfkjsyo-shard-00-00.yc91oti.mongodb.net","service":"user-service"}
{"level":"info","message":"Buddy Nickname Project running on port 3000","service":"user-service"}
{"level":"info","message":"MongoDB connected ac-tfkjsyo-shard-00-00.yc91oti.mongodb.net","service":"user-service"}
{"level":"info","message":"Buddy Nickname Project running on port 3000","service":"user-service"}
{"level":"info","message":"MongoDB connected ac-tfkjsyo-shard-00-00.yc91oti.mongodb.net","service":"user-service"}
{"level":"info","message":"decoded the token","service":"user-service"}
{"level":"debug","message":"Checked the role","service":"user-service"}
{"level":"debug","message":"Fetching all buddies from database","service":"user-service"}
{"level":"info","message":"Buddy Nickname Project running on port 3000","service":"user-service"}
{"level":"info","message":"MongoDB connected ac-tfkjsyo-shard-00-00.yc91oti.mongodb.net","service":"user-service"}
{"level":"info","message":"decoded the token","service":"user-service"}
{"level":"error","message":"403-Access denied","service":"user-service"}
{"level":"error","message":"500-Cast to Number failed for value \"{ employeeId: '8' }\" (type Object) at path \"employeeId\" for model \"User\"","service":"user-service"}
{"level":"info","message":"Buddy Nickname Project running on port 3000","service":"user-service"}
{"level":"info","message":"MongoDB connected ac-tfkjsyo-shard-00-00.yc91oti.mongodb.net","service":"user-service"}
{"level":"info","message":"Buddy Nickname Project running on port 3000","service":"user-service"}
{"level":"info","message":"MongoDB connected ac-tfkjsyo-shard-00-00.yc91oti.mongodb.net","service":"user-service"}
{"level":"error","message":"500-buddyService.updateOne is not a function","service":"user-service"}
{"level":"info","message":"Buddy Nickname Project running on port 3000","service":"user-service"}
{"level":"info","message":"MongoDB connected ac-tfkjsyo-shard-00-00.yc91oti.mongodb.net","service":"user-service"}
{"level":"info","message":"Buddy Nickname Project running on port 3000","service":"user-service"}
{"level":"info","message":"MongoDB connected ac-tfkjsyo-shard-00-00.yc91oti.mongodb.net","service":"user-service"}
{"level":"info","message":"Buddy Nickname Project running on port 3000","service":"user-service"}
{"level":"info","message":"MongoDB connected ac-tfkjsyo-shard-00-00.yc91oti.mongodb.net","service":"user-service"}
{"level":"info","message":"Buddy Nickname Project running on port 3000","service":"user-service"}
{"level":"info","message":"MongoDB connected ac-tfkjsyo-shard-00-00.yc91oti.mongodb.net","service":"user-service"}
{"level":"error","message":"500-Cast to Number failed for value \"{ employeeId: '8' }\" (type Object) at path \"employeeId\" for model \"User\"","service":"user-service"}
{"level":"info","message":"Buddy Nickname Project running on port 3000","service":"user-service"}
{"level":"info","message":"MongoDB connected ac-tfkjsyo-shard-00-00.yc91oti.mongodb.net","service":"user-service"}
{"level":"info","message":"Buddy Nickname Project running on port 3000","service":"user-service"}
{"level":"info","message":"MongoDB connected ac-tfkjsyo-shard-00-00.yc91oti.mongodb.net","service":"user-service"}
{"level":"info","message":"Buddy Nickname Project running on port 3000","service":"user-service"}
{"level":"info","message":"MongoDB connected ac-tfkjsyo-shard-00-00.yc91oti.mongodb.net","service":"user-service"}
{"level":"info","message":"Buddy Nickname Project running on port 3000","service":"user-service"}
{"level":"info","message":"MongoDB connected ac-tfkjsyo-shard-00-00.yc91oti.mongodb.net","service":"user-service"}
{"level":"error","message":"500-Cast to Number failed for value \"{ employeeId: '8' }\" (type Object) at path \"employeeId\" for model \"User\"","service":"user-service"}
{"level":"info","message":"Buddy Nickname Project running on port 3000","service":"user-service"}
{"level":"info","message":"MongoDB connected ac-tfkjsyo-shard-00-00.yc91oti.mongodb.net","service":"user-service"}
{"level":"info","message":"Buddy Nickname Project running on port 3000","service":"user-service"}
{"level":"info","message":"MongoDB connected ac-tfkjsyo-shard-00-00.yc91oti.mongodb.net","service":"user-service"}
{"level":"info","message":"Buddy Nickname Project running on port 3000","service":"user-service"}
{"level":"info","message":"MongoDB connected ac-tfkjsyo-shard-00-00.yc91oti.mongodb.net","service":"user-service"}
{"level":"info","message":"Buddy Nickname Project running on port 3000","service":"user-service"}
{"level":"info","message":"MongoDB connected ac-tfkjsyo-shard-00-00.yc91oti.mongodb.net","service":"user-service"}
{"level":"info","message":"Buddy Nickname Project running on port 3000","service":"user-service"}
{"level":"info","message":"MongoDB connected ac-tfkjsyo-shard-00-00.yc91oti.mongodb.net","service":"user-service"}
{"level":"info","message":"Buddy Nickname Project running on port 3000","service":"user-service"}
{"level":"info","message":"MongoDB connected ac-tfkjsyo-shard-00-00.yc91oti.mongodb.net","service":"user-service"}
{"level":"info","message":"Buddy Nickname Project running on port 3000","service":"user-service"}
{"level":"info","message":"MongoDB connected ac-tfkjsyo-shard-00-00.yc91oti.mongodb.net","service":"user-service"}
{"level":"info","message":"Buddy Nickname Project running on port 3000","service":"user-service"}
{"level":"info","message":"MongoDB connected ac-tfkjsyo-shard-00-00.yc91oti.mongodb.net","service":"user-service"}
{"level":"info","message":"Buddy Nickname Project running on port 3000","service":"user-service"}
{"level":"info","message":"MongoDB connected ac-tfkjsyo-shard-00-00.yc91oti.mongodb.net","service":"user-service"}
{"level":"info","message":"Buddy Nickname Project running on port 3000","service":"user-service"}
{"level":"info","message":"MongoDB connected ac-tfkjsyo-shard-00-00.yc91oti.mongodb.net","service":"user-service"}
{"level":"info","message":"Buddy Nickname Project running on port 3000","service":"user-service"}
{"level":"info","message":"MongoDB connected ac-tfkjsyo-shard-00-00.yc91oti.mongodb.net","service":"user-service"}
{"level":"info","message":"Buddy Nickname Project running on port 3000","service":"user-service"}
{"level":"info","message":"MongoDB connected ac-tfkjsyo-shard-00-00.yc91oti.mongodb.net","service":"user-service"}
{"level":"info","message":"Buddy Nickname Project running on port 3000","service":"user-service"}
{"level":"info","message":"MongoDB connected ac-tfkjsyo-shard-00-00.yc91oti.mongodb.net","service":"user-service"}
{"level":"info","message":"Buddy Nickname Project running on port 3000","service":"user-service"}
{"level":"info","message":"MongoDB connected ac-tfkjsyo-shard-00-00.yc91oti.mongodb.net","service":"user-service"}
{"level":"info","message":"Buddy Nickname Project running on port 3000","service":"user-service"}
{"level":"info","message":"MongoDB connected ac-tfkjsyo-shard-00-00.yc91oti.mongodb.net","service":"user-service"}
{"level":"info","message":"Buddy Nickname Project running on port 3000","service":"user-service"}
{"level":"info","message":"MongoDB connected ac-tfkjsyo-shard-00-00.yc91oti.mongodb.net","service":"user-service"}
{"level":"info","message":"Buddy Nickname Project running on port 3000","service":"user-service"}
{"level":"info","message":"MongoDB connected ac-tfkjsyo-shard-00-00.yc91oti.mongodb.net","service":"user-service"}
{"level":"info","message":"Buddy Nickname Project running on port 3000","service":"user-service"}
{"level":"info","message":"MongoDB connected ac-tfkjsyo-shard-00-00.yc91oti.mongodb.net","service":"user-service"}
{"level":"info","message":"Buddy Nickname Project running on port 3000","service":"user-service"}
{"level":"info","message":"MongoDB connected ac-tfkjsyo-shard-00-00.yc91oti.mongodb.net","service":"user-service"}
{"level":"info","message":"Buddy Nickname Project running on port 3000","service":"user-service"}
{"level":"info","message":"MongoDB connected ac-tfkjsyo-shard-00-00.yc91oti.mongodb.net","service":"user-service"}
{"level":"info","message":"Buddy Nickname Project running on port 3000","service":"user-service"}
{"level":"info","message":"MongoDB connected ac-tfkjsyo-shard-00-00.yc91oti.mongodb.net","service":"user-service"}
{"level":"info","message":"Buddy Nickname Project running on port 3000","service":"user-service"}
{"level":"info","message":"MongoDB connected ac-tfkjsyo-shard-00-00.yc91oti.mongodb.net","service":"user-service"}
{"level":"info","message":"Buddy Nickname Project running on port 3000","service":"user-service"}
{"level":"info","message":"MongoDB connected ac-tfkjsyo-shard-00-00.yc91oti.mongodb.net","service":"user-service"}
{"level":"info","message":"Buddy Nickname Project running on port 3000","service":"user-service"}
{"level":"info","message":"MongoDB connected ac-tfkjsyo-shard-00-00.yc91oti.mongodb.net","service":"user-service"}
{"level":"info","message":"Buddy Nickname Project running on port 3000","service":"user-service"}
{"level":"info","message":"MongoDB connected ac-tfkjsyo-shard-00-00.yc91oti.mongodb.net","service":"user-service"}
{"level":"info","message":"Buddy Nickname Project running on port 3000","service":"user-service"}
{"level":"info","message":"MongoDB connected ac-tfkjsyo-shard-00-00.yc91oti.mongodb.net","service":"user-service"}
{"level":"info","message":"Buddy Nickname Project running on port 3000","service":"user-service"}
{"level":"info","message":"MongoDB connected ac-tfkjsyo-shard-00-00.yc91oti.mongodb.net","service":"user-service"}
{"level":"info","message":"Buddy Nickname Project running on port 3000","service":"user-service"}
{"level":"info","message":"MongoDB connected ac-tfkjsyo-shard-00-00.yc91oti.mongodb.net","service":"user-service"}
{"level":"info","message":"Buddy Nickname Project running on port 3000","service":"user-service"}
{"level":"info","message":"MongoDB connected ac-tfkjsyo-shard-00-00.yc91oti.mongodb.net","service":"user-service"}
{"level":"info","message":"Buddy Nickname Project running on port 3000","service":"user-service"}
{"level":"info","message":"MongoDB connected ac-tfkjsyo-shard-00-00.yc91oti.mongodb.net","service":"user-service"}
{"level":"info","message":"Buddy Nickname Project running on port 3000","service":"user-service"}
{"level":"info","message":"MongoDB connected ac-tfkjsyo-shard-00-00.yc91oti.mongodb.net","service":"user-service"}
{"level":"info","message":"Buddy Nickname Project running on port 3000","service":"user-service"}
{"level":"info","message":"MongoDB connected ac-tfkjsyo-shard-00-00.yc91oti.mongodb.net","service":"user-service"}
{"level":"info","message":"Buddy Nickname Project running on port 3000","service":"user-service"}
{"level":"info","message":"MongoDB connected ac-tfkjsyo-shard-00-00.yc91oti.mongodb.net","service":"user-service"}
{"level":"info","message":"Buddy Nickname Project running on port 3000","service":"user-service"}
{"level":"info","message":"MongoDB connected ac-tfkjsyo-shard-00-00.yc91oti.mongodb.net","service":"user-service"}
{"level":"info","message":"Buddy Nickname Project running on port 3000","service":"user-service"}
{"level":"info","message":"MongoDB connected ac-tfkjsyo-shard-00-00.yc91oti.mongodb.net","service":"user-service"}
{"level":"info","message":"Buddy Nickname Project running on port 3000","service":"user-service"}
{"level":"info","message":"MongoDB connected ac-tfkjsyo-shard-00-00.yc91oti.mongodb.net","service":"user-service"}
{"level":"info","message":"Buddy Nickname Project running on port 3000","service":"user-service"}
{"level":"info","message":"MongoDB connected ac-tfkjsyo-shard-00-00.yc91oti.mongodb.net","service":"user-service"}
{"level":"info","message":"Buddy Nickname Project running on port 3000","service":"user-service"}
{"level":"info","message":"MongoDB connected ac-tfkjsyo-shard-00-00.yc91oti.mongodb.net","service":"user-service"}
{"level":"info","message":"Buddy Nickname Project running on port 3000","service":"user-service"}
{"level":"info","message":"Buddy Nickname Project running on port 3000","service":"user-service"}
{"level":"info","message":"MongoDB connected ac-tfkjsyo-shard-00-00.yc91oti.mongodb.net","service":"user-service"}
{"level":"info","message":"Buddy Nickname Project running on port 3000","service":"user-service"}
{"level":"info","message":"MongoDB connected ac-tfkjsyo-shard-00-00.yc91oti.mongodb.net","service":"user-service"}
{"level":"info","message":"Buddy Nickname Project running on port 3000","service":"user-service"}
{"level":"info","message":"MongoDB connected ac-tfkjsyo-shard-00-00.yc91oti.mongodb.net","service":"user-service"}
{"level":"info","message":"Buddy Nickname Project running on port 3000","service":"user-service"}
{"level":"info","message":"MongoDB connected ac-tfkjsyo-shard-00-00.yc91oti.mongodb.net","service":"user-service"}
{"level":"info","message":"Buddy Nickname Project running on port 3000","service":"user-service"}
{"level":"info","message":"MongoDB connected ac-tfkjsyo-shard-00-00.yc91oti.mongodb.net","service":"user-service"}
{"level":"info","message":"Buddy Nickname Project running on port 3000","service":"user-service"}
{"level":"info","message":"MongoDB connected ac-tfkjsyo-shard-00-00.yc91oti.mongodb.net","service":"user-service"}
{"level":"info","message":"Buddy Nickname Project running on port 3000","service":"user-service"}
{"level":"info","message":"MongoDB connected ac-tfkjsyo-shard-00-00.yc91oti.mongodb.net","service":"user-service"}
{"level":"info","message":"Buddy Nickname Project running on port 3000","service":"user-service"}
{"level":"info","message":"MongoDB connected ac-tfkjsyo-shard-00-00.yc91oti.mongodb.net","service":"user-service"}
{"level":"info","message":"Buddy Nickname Project running on port 3000","service":"user-service"}
{"level":"info","message":"MongoDB connected ac-tfkjsyo-shard-00-00.yc91oti.mongodb.net","service":"user-service"}
{"level":"info","message":"Buddy Nickname Project running on port 3000","service":"user-service"}
{"level":"info","message":"MongoDB connected ac-tfkjsyo-shard-00-00.yc91oti.mongodb.net","service":"user-service"}
{"level":"info","message":"Buddy Nickname Project running on port 3000","service":"user-service"}
{"level":"info","message":"MongoDB connected ac-tfkjsyo-shard-00-00.yc91oti.mongodb.net","service":"user-service"}
{"level":"info","message":"Buddy Nickname Project running on port 3000","service":"user-service"}
{"level":"info","message":"MongoDB connected ac-tfkjsyo-shard-00-00.yc91oti.mongodb.net","service":"user-service"}
{"level":"info","message":"Buddy Nickname Project running on port 3000","service":"user-service"}
{"level":"info","message":"MongoDB connected ac-tfkjsyo-shard-00-00.yc91oti.mongodb.net","service":"user-service"}
{"level":"info","message":"Buddy Nickname Project running on port 3000","service":"user-service"}
{"level":"info","message":"MongoDB connected ac-tfkjsyo-shard-00-00.yc91oti.mongodb.net","service":"user-service"}
{"level":"info","message":"Buddy Nickname Project running on port 3000","service":"user-service"}
{"level":"info","message":"MongoDB connected ac-tfkjsyo-shard-00-00.yc91oti.mongodb.net","service":"user-service"}
{"level":"info","message":"Buddy Nickname Project running on port 3000","service":"user-service"}
{"level":"info","message":"MongoDB connected ac-tfkjsyo-shard-00-00.yc91oti.mongodb.net","service":"user-service"}
{"level":"info","message":"Buddy Nickname Project running on port 3000","service":"user-service"}
{"level":"info","message":"MongoDB connected ac-tfkjsyo-shard-00-00.yc91oti.mongodb.net","service":"user-service"}
{"level":"info","message":"Buddy Nickname Project running on port 3000","service":"user-service"}
{"level":"info","message":"MongoDB connected ac-tfkjsyo-shard-00-00.yc91oti.mongodb.net","service":"user-service"}
{"level":"info","message":"Buddy Nickname Project running on port 3000","service":"user-service"}
{"level":"info","message":"MongoDB connected ac-tfkjsyo-shard-00-00.yc91oti.mongodb.net","service":"user-service"}
{"level":"info","message":"Buddy Nickname Project running on port 3000","service":"user-service"}
{"level":"info","message":"MongoDB connected ac-tfkjsyo-shard-00-00.yc91oti.mongodb.net","service":"user-service"}
{"level":"info","message":"Buddy Nickname Project running on port 3000","service":"user-service"}
{"level":"info","message":"MongoDB connected ac-tfkjsyo-shard-00-00.yc91oti.mongodb.net","service":"user-service"}
{"level":"info","message":"Buddy Nickname Project running on port 3000","service":"user-service"}
{"level":"info","message":"MongoDB connected ac-tfkjsyo-shard-00-00.yc91oti.mongodb.net","service":"user-service"}
{"level":"info","message":"Buddy Nickname Project running on port 3000","service":"user-service"}
{"level":"info","message":"MongoDB connected ac-tfkjsyo-shard-00-00.yc91oti.mongodb.net","service":"user-service"}
{"level":"info","message":"Buddy Nickname Project running on port 3000","service":"user-service"}
{"level":"info","message":"MongoDB connected ac-tfkjsyo-shard-00-00.yc91oti.mongodb.net","service":"user-service"}
{"level":"info","message":"Buddy Nickname Project running on port 3000","service":"user-service"}
{"level":"info","message":"MongoDB connected ac-tfkjsyo-shard-00-00.yc91oti.mongodb.net","service":"user-service"}
{"level":"info","message":"Buddy Nickname Project running on port 3000","service":"user-service"}
{"level":"info","message":"MongoDB connected ac-tfkjsyo-shard-00-00.yc91oti.mongodb.net","service":"user-service"}
{"level":"info","message":"Buddy Nickname Project running on port 3000","service":"user-service"}
{"level":"info","message":"MongoDB connected ac-tfkjsyo-shard-00-00.yc91oti.mongodb.net","service":"user-service"}
{"level":"info","message":"Buddy Nickname Project running on port 3000","service":"user-service"}
{"level":"info","message":"MongoDB connected ac-tfkjsyo-shard-00-00.yc91oti.mongodb.net","service":"user-service"}
{"level":"info","message":"Buddy Nickname Project running on port 3000","service":"user-service"}
{"level":"info","message":"MongoDB connected ac-tfkjsyo-shard-00-00.yc91oti.mongodb.net","service":"user-service"}
{"level":"info","message":"Buddy Nickname Project running on port 3000","service":"user-service"}
{"level":"info","message":"MongoDB connected ac-tfkjsyo-shard-00-00.yc91oti.mongodb.net","service":"user-service"}
{"level":"info","message":"Buddy Nickname Project running on port 3000","service":"user-service"}
{"level":"info","message":"MongoDB connected ac-tfkjsyo-shard-00-00.yc91oti.mongodb.net","service":"user-service"}
{"level":"info","message":"Buddy Nickname Project running on port 3000","service":"user-service"}
{"level":"info","message":"MongoDB connected ac-tfkjsyo-shard-00-00.yc91oti.mongodb.net","service":"user-service"}
{"level":"info","message":"Buddy Nickname Project running on port 3000","service":"user-service"}
{"level":"info","message":"MongoDB connected ac-tfkjsyo-shard-00-00.yc91oti.mongodb.net","service":"user-service"}
{"level":"info","message":"Buddy Nickname Project running on port 3000","service":"user-service"}
{"level":"info","message":"MongoDB connected ac-tfkjsyo-shard-00-00.yc91oti.mongodb.net","service":"user-service"}
{"level":"info","message":"Buddy Nickname Project running on port 3000","service":"user-service"}
{"level":"info","message":"MongoDB connected ac-tfkjsyo-shard-00-00.yc91oti.mongodb.net","service":"user-service"}
{"level":"info","message":"Buddy Nickname Project running on port 3000","service":"user-service"}
{"level":"info","message":"MongoDB connected ac-tfkjsyo-shard-00-00.yc91oti.mongodb.net","service":"user-service"}
{"level":"info","message":"Buddy Nickname Project running on port 3000","service":"user-service"}
{"level":"info","message":"MongoDB connected ac-tfkjsyo-shard-00-00.yc91oti.mongodb.net","service":"user-service"}
{"level":"info","message":"Buddy Nickname Project running on port 3000","service":"user-service"}
{"level":"info","message":"MongoDB connected ac-tfkjsyo-shard-00-00.yc91oti.mongodb.net","service":"user-service"}
{"level":"info","message":"Buddy Nickname Project running on port 3000","service":"user-service"}
{"level":"info","message":"MongoDB connected ac-tfkjsyo-shard-00-00.yc91oti.mongodb.net","service":"user-service"}
{"level":"info","message":"Buddy Nickname Project running on port 3000","service":"user-service"}
{"level":"info","message":"MongoDB connected ac-tfkjsyo-shard-00-00.yc91oti.mongodb.net","service":"user-service"}
{"level":"info","message":"Buddy Nickname Project running on port 3000","service":"user-service"}
{"level":"info","message":"MongoDB connected ac-tfkjsyo-shard-00-00.yc91oti.mongodb.net","service":"user-service"}
{"level":"info","message":"Buddy Nickname Project running on port 3000","service":"user-service"}
{"level":"info","message":"MongoDB connected ac-tfkjsyo-shard-00-00.yc91oti.mongodb.net","service":"user-service"}
{"level":"info","message":"Buddy Nickname Project running on port 3000","service":"user-service"}
{"level":"info","message":"MongoDB connected ac-tfkjsyo-shard-00-00.yc91oti.mongodb.net","service":"user-service"}
{"level":"info","message":"Buddy Nickname Project running on port 3000","service":"user-service"}
{"level":"info","message":"MongoDB connected ac-tfkjsyo-shard-00-00.yc91oti.mongodb.net","service":"user-service"}
{"level":"info","message":"Buddy Nickname Project running on port 3000","service":"user-service"}
{"level":"info","message":"MongoDB connected ac-tfkjsyo-shard-00-00.yc91oti.mongodb.net","service":"user-service"}
{"level":"info","message":"Buddy Nickname Project running on port 3000","service":"user-service"}
{"level":"info","message":"MongoDB connected ac-tfkjsyo-shard-00-00.yc91oti.mongodb.net","service":"user-service"}
{"level":"info","message":"Buddy Nickname Project running on port 3000","service":"user-service"}
{"level":"info","message":"MongoDB connected ac-tfkjsyo-shard-00-00.yc91oti.mongodb.net","service":"user-service"}
{"level":"info","message":"Buddy Nickname Project running on port 3000","service":"user-service"}
{"level":"info","message":"MongoDB connected ac-tfkjsyo-shard-00-00.yc91oti.mongodb.net","service":"user-service"}
{"level":"info","message":"Buddy Nickname Project running on port 3000","service":"user-service"}
{"level":"info","message":"MongoDB connected ac-tfkjsyo-shard-00-00.yc91oti.mongodb.net","service":"user-service"}
{"level":"info","message":"Buddy Nickname Project running on port 3000","service":"user-service"}
{"level":"info","message":"MongoDB connected ac-tfkjsyo-shard-00-00.yc91oti.mongodb.net","service":"user-service"}
{"level":"info","message":"Buddy Nickname Project running on port 3000","service":"user-service"}
{"level":"info","message":"MongoDB connected ac-tfkjsyo-shard-00-00.yc91oti.mongodb.net","service":"user-service"}
{"level":"info","message":"Buddy Nickname Project running on port 3000","service":"user-service"}
{"level":"info","message":"MongoDB connected ac-tfkjsyo-shard-00-00.yc91oti.mongodb.net","service":"user-service"}
{"level":"info","message":"Buddy Nickname Project running on port 3000","service":"user-service"}
{"level":"info","message":"MongoDB connected ac-tfkjsyo-shard-00-00.yc91oti.mongodb.net","service":"user-service"}
{"level":"info","message":"Buddy Nickname Project running on port 3000","service":"user-service"}
{"level":"info","message":"MongoDB connected ac-tfkjsyo-shard-00-00.yc91oti.mongodb.net","service":"user-service"}
{"level":"info","message":"Buddy Nickname Project running on port 3000","service":"user-service"}
{"level":"info","message":"MongoDB connected ac-tfkjsyo-shard-00-00.yc91oti.mongodb.net","service":"user-service"}
{"level":"info","message":"Buddy Nickname Project running on port 3000","service":"user-service"}
{"level":"info","message":"MongoDB connected ac-tfkjsyo-shard-00-00.yc91oti.mongodb.net","service":"user-service"}
{"level":"info","message":"Buddy Nickname Project running on port 3000","service":"user-service"}
{"level":"info","message":"MongoDB connected ac-tfkjsyo-shard-00-00.yc91oti.mongodb.net","service":"user-service"}
{"level":"info","message":"Buddy Nickname Project running on port 3000","service":"user-service"}
{"level":"info","message":"MongoDB connected ac-tfkjsyo-shard-00-00.yc91oti.mongodb.net","service":"user-service"}
{"level":"info","message":"Buddy Nickname Project running on port 3000","service":"user-service"}
{"level":"info","message":"MongoDB connected ac-tfkjsyo-shard-00-00.yc91oti.mongodb.net","service":"user-service"}
{"level":"info","message":"Buddy Nickname Project running on port 3000","service":"user-service"}
{"level":"info","message":"MongoDB connected ac-tfkjsyo-shard-00-00.yc91oti.mongodb.net","service":"user-service"}
{"level":"info","message":"Buddy Nickname Project running on port 3000","service":"user-service"}
{"level":"info","message":"MongoDB connected ac-tfkjsyo-shard-00-00.yc91oti.mongodb.net","service":"user-service"}
{"level":"info","message":"Buddy Nickname Project running on port 3000","service":"user-service"}
{"level":"info","message":"MongoDB connected ac-tfkjsyo-shard-00-00.yc91oti.mongodb.net","service":"user-service"}
{"level":"info","message":"Buddy Nickname Project running on port 3000","service":"user-service"}
{"level":"info","message":"MongoDB connected ac-tfkjsyo-shard-00-00.yc91oti.mongodb.net","service":"user-service"}
{"level":"info","message":"Buddy Nickname Project running on port 3000","service":"user-service"}
{"level":"info","message":"MongoDB connected ac-tfkjsyo-shard-00-00.yc91oti.mongodb.net","service":"user-service"}
{"level":"info","message":"Buddy Nickname Project running on port 3000","service":"user-service"}
{"level":"info","message":"MongoDB connected ac-tfkjsyo-shard-00-00.yc91oti.mongodb.net","service":"user-service"}
{"level":"info","message":"Buddy Nickname Project running on port 3000","service":"user-service"}
{"level":"info","message":"MongoDB connected ac-tfkjsyo-shard-00-00.yc91oti.mongodb.net","service":"user-service"}
{"level":"info","message":"Buddy Nickname Project running on port 3000","service":"user-service"}
{"level":"info","message":"MongoDB connected ac-tfkjsyo-shard-00-00.yc91oti.mongodb.net","service":"user-service"}
{"level":"info","message":"Buddy Nickname Project running on port 3000","service":"user-service"}
{"level":"info","message":"MongoDB connected ac-tfkjsyo-shard-00-00.yc91oti.mongodb.net","service":"user-service"}
{"level":"info","message":"Buddy Nickname Project running on port 3000","service":"user-service"}
{"level":"info","message":"MongoDB connected ac-tfkjsyo-shard-00-00.yc91oti.mongodb.net","service":"user-service"}
{"level":"info","message":"Buddy Nickname Project running on port 3000","service":"user-service"}
{"level":"info","message":"MongoDB connected ac-tfkjsyo-shard-00-00.yc91oti.mongodb.net","service":"user-service"}
{"level":"info","message":"Buddy Nickname Project running on port 3000","service":"user-service"}
{"level":"info","message":"MongoDB connected ac-tfkjsyo-shard-00-00.yc91oti.mongodb.net","service":"user-service"}
{"level":"info","message":"Buddy Nickname Project running on port 3000","service":"user-service"}
{"level":"info","message":"MongoDB connected ac-tfkjsyo-shard-00-00.yc91oti.mongodb.net","service":"user-service"}
{"level":"info","message":"Buddy Nickname Project running on port 3000","service":"user-service"}
{"level":"info","message":"MongoDB connected ac-tfkjsyo-shard-00-00.yc91oti.mongodb.net","service":"user-service"}
{"level":"info","message":"Buddy Nickname Project running on port 3000","service":"user-service"}
{"level":"info","message":"MongoDB connected ac-tfkjsyo-shard-00-00.yc91oti.mongodb.net","service":"user-service"}
{"level":"info","message":"Buddy Nickname Project running on port 3000","service":"user-service"}
{"level":"info","message":"MongoDB connected ac-tfkjsyo-shard-00-00.yc91oti.mongodb.net","service":"user-service"}
{"level":"info","message":"Buddy Nickname Project running on port 3000","service":"user-service"}
{"level":"info","message":"MongoDB connected ac-tfkjsyo-shard-00-00.yc91oti.mongodb.net","service":"user-service"}
{"level":"info","message":"Buddy Nickname Project running on port 3000","service":"user-service"}
{"level":"info","message":"MongoDB connected ac-tfkjsyo-shard-00-00.yc91oti.mongodb.net","service":"user-service"}
{"level":"info","message":"Buddy Nickname Project running on port 3000","service":"user-service"}
{"level":"info","message":"MongoDB connected ac-tfkjsyo-shard-00-00.yc91oti.mongodb.net","service":"user-service"}
{"level":"info","message":"Buddy Nickname Project running on port 3000","service":"user-service"}
{"level":"info","message":"MongoDB connected ac-tfkjsyo-shard-00-00.yc91oti.mongodb.net","service":"user-service"}
{"level":"info","message":"Buddy Nickname Project running on port 3000","service":"user-service"}
{"level":"info","message":"MongoDB connected ac-tfkjsyo-shard-00-00.yc91oti.mongodb.net","service":"user-service"}
{"level":"info","message":"Buddy Nickname Project running on port 3000","service":"user-service"}
{"level":"info","message":"MongoDB connected ac-tfkjsyo-shard-00-00.yc91oti.mongodb.net","service":"user-service"}
{"level":"info","message":"Buddy Nickname Project running on port 3000","service":"user-service"}
{"level":"info","message":"MongoDB connected ac-tfkjsyo-shard-00-00.yc91oti.mongodb.net","service":"user-service"}
{"level":"info","message":"Buddy Nickname Project running on port 3000","service":"user-service"}
{"level":"info","message":"MongoDB connected ac-tfkjsyo-shard-00-00.yc91oti.mongodb.net","service":"user-service"}
{"level":"info","message":"Buddy Nickname Project running on port 3000","service":"user-service"}
{"level":"info","message":"MongoDB connected ac-tfkjsyo-shard-00-00.yc91oti.mongodb.net","service":"user-service"}
{"level":"info","message":"Buddy Nickname Project running on port 3000","service":"user-service"}
{"level":"info","message":"MongoDB connected ac-tfkjsyo-shard-00-00.yc91oti.mongodb.net","service":"user-service"}
{"level":"info","message":"Buddy Nickname Project running on port 3000","service":"user-service"}
{"level":"info","message":"MongoDB connected ac-tfkjsyo-shard-00-00.yc91oti.mongodb.net","service":"user-service"}
{"level":"info","message":"Buddy Nickname Project running on port 3000","service":"user-service"}
{"level":"info","message":"MongoDB connected ac-tfkjsyo-shard-00-00.yc91oti.mongodb.net","service":"user-service"}
{"level":"info","message":"Buddy Nickname Project running on port 3000","service":"user-service"}
{"level":"info","message":"MongoDB connected ac-tfkjsyo-shard-00-00.yc91oti.mongodb.net","service":"user-service"}
{"level":"info","message":"Buddy Nickname Project running on port 3000","service":"user-service"}
{"level":"info","message":"MongoDB connected ac-tfkjsyo-shard-00-00.yc91oti.mongodb.net","service":"user-service"}
{"level":"info","message":"Buddy Nickname Project running on port 3000","service":"user-service"}
{"level":"info","message":"MongoDB connected ac-tfkjsyo-shard-00-00.yc91oti.mongodb.net","service":"user-service"}
{"level":"info","message":"Buddy Nickname Project running on port 3000","service":"user-service"}
{"level":"info","message":"MongoDB connected ac-tfkjsyo-shard-00-00.yc91oti.mongodb.net","service":"user-service"}
{"level":"info","message":"Buddy Nickname Project running on port 3000","service":"user-service"}
{"level":"info","message":"MongoDB connected ac-tfkjsyo-shard-00-00.yc91oti.mongodb.net","service":"user-service"}
{"level":"info","message":"Buddy Nickname Project running on port 3000","service":"user-service"}
{"level":"info","message":"MongoDB connected ac-tfkjsyo-shard-00-00.yc91oti.mongodb.net","service":"user-service"}
{"level":"info","message":"Buddy Nickname Project running on port 3000","service":"user-service"}
{"level":"info","message":"MongoDB connected ac-tfkjsyo-shard-00-00.yc91oti.mongodb.net","service":"user-service"}
{"level":"info","message":"Buddy Nickname Project running on port 3000","service":"user-service"}
{"level":"info","message":"MongoDB connected ac-tfkjsyo-shard-00-00.yc91oti.mongodb.net","service":"user-service"}
{"level":"info","message":"Buddy Nickname Project running on port 3000","service":"user-service"}
{"level":"info","message":"MongoDB connected ac-tfkjsyo-shard-00-00.yc91oti.mongodb.net","service":"user-service"}
{"level":"info","message":"Buddy Nickname Project running on port 3000","service":"user-service"}
{"level":"info","message":"MongoDB connected ac-tfkjsyo-shard-00-00.yc91oti.mongodb.net","service":"user-service"}
{"level":"info","message":"Buddy Nickname Project running on port 3000","service":"user-service"}
{"level":"info","message":"MongoDB connected ac-tfkjsyo-shard-00-00.yc91oti.mongodb.net","service":"user-service"}
{"level":"info","message":"Buddy Nickname Project running on port 3000","service":"user-service"}
{"level":"info","message":"MongoDB connected ac-tfkjsyo-shard-00-00.yc91oti.mongodb.net","service":"user-service"}
{"level":"info","message":"Buddy Nickname Project running on port 3000","service":"user-service"}
{"level":"info","message":"MongoDB connected ac-tfkjsyo-shard-00-00.yc91oti.mongodb.net","service":"user-service"}
{"level":"info","message":"Buddy Nickname Project running on port 3000","service":"user-service"}
{"level":"info","message":"MongoDB connected ac-tfkjsyo-shard-00-00.yc91oti.mongodb.net","service":"user-service"}
{"level":"info","message":"Buddy Nickname Project running on port 3000","service":"user-service"}
{"level":"info","message":"MongoDB connected ac-tfkjsyo-shard-00-00.yc91oti.mongodb.net","service":"user-service"}
{"level":"info","message":"Buddy Nickname Project running on port 3000","service":"user-service"}
{"level":"info","message":"MongoDB connected ac-tfkjsyo-shard-00-00.yc91oti.mongodb.net","service":"user-service"}
